GRF Observations - Ctrl,GRF Observations - Post
108.7889,115.9849
115.9857,109.3339
109.3346,111.3973
111.3979,105.2418
153.7364,102.8599
102.8609,99.44033
216.3829,97.14506
99.44331,93.00112
93.00329,95.3698
261.3836,116.226
116.2295,123.034
45.0818,117.4524
117.4559,124.8947
94.65928,97.18405
2946.274,96.83978
96.83878,121.6291
121.6202,159.1626
1675.807,160.0901
1166.591,110.6999
590.5106,109.1758
109.1737,116.9444
116.9443,108.1079
108.1083,85.3423
173.017,67.22927
85.34168,62.63318
114.4777,72.37408
72.37384,67.20428
67.20402,59.65466
59.65441,59.67911
59.679,55.44442
128.1904,59.71645
55.44436,55.21547
55.21546,62.82273
62.82273,61.8519
61.85188,74.65674
74.65674,73.1565
126.604,75.57205
164.7231,71.74799
75.5721,77.84781
77.84795,74.01226
199.4625,91.1981
91.19812,86.12209
86.1221,89.21117
89.2112,83.34911
83.34912,83.91544
127.8478,78.51299
20.43435,84.24378
84.24375,79.86611
79.86608,75.8387
75.83864,73.67545
73.67542,72.91547
72.91543,72.13512
72.13506,73.18726
73.18722,73.71652
73.71645,74.57096
74.57092,75.23053
75.23046,74.74801
74.74799,75.38112
75.38109,73.35269
73.35269,73.99172
73.99172,70.81221
70.81221,71.49083
71.49084,68.66264
68.6626,69.61318
69.61314,68.26917
68.26902,69.64336
160.3612,68.85571
69.64297,70.55956
70.55931,72.8439
72.84364,74.27801
74.27779,78.23097
155.1125,78.21722
78.23044,81.55935
81.55906,80.09216
152.0962,81.64666
80.09179,79.23612
150.9151,79.62016
79.23575,76.66222
151.3599,77.5463
77.54618,75.05804
76.66177,76.71842
146.5783,74.83165
74.83158,77.68992
77.6898,76.32198
76.32181,79.43639
79.43624,77.71283
77.71262,80.26688
80.26675,78.14181
138.7952,112.4755
112.4755,109.7776
109.7774,112.8095
112.81,110.6968
110.6968,112.905
112.9057,111.4481
111.4482,113.4647
113.4652,112.1661
112.1661,112.545
78.14112,81.50177
81.4977,98.90606
98.89573,204.4378
179.8768,289.6518
289.6367,181.3144
181.2789,154.1673
154.1429,175.4016
175.3883,157.3943
157.3867,121.8097
121.8002,105.4857
105.4864,101.8883
1918.089,61.18852
2625.455,48.19069
48.19207,59.44044
59.44115,64.81591
64.81633,68.77286
223.8543,73.44614
73.44616,67.11966
189.3113,75.03223
75.03223,73.25092
171.3573,85.91143
85.91132,82.98474
82.9845,85.62077
85.62061,83.3158
83.31564,86.07992
86.07983,84.40067
84.40061,87.18993
87.18992,86.39347
86.39346,88.58204
88.58206,87.87145
87.87145,89.19913
89.19915,88.49426
88.49426,88.98415
88.98418,87.95935
87.95935,87.53643
87.53645,86.00188
86.00188,84.68452
84.68454,82.9573
82.95731,81.09206
81.09208,79.51749
79.51749,77.24251
77.24252,74.91031
74.91031,72.30278
72.30278,69.96528
369.3337,66.4721
66.47208,60.65101
173.3556,58.50357
58.50357,65.15685
65.1568,67.89424
67.89442,74.47246
74.47252,72.62842
72.62874,79.57737
79.57748,76.97841
76.97868,83.07487
83.07496,79.13842
79.13864,82.28387
82.28397,77.81358
3352.095,77.69806
77.69831,75.44627
9.19123,77.45597
77.45633,74.2185
74.21941,76.15247
76.15282,73.23642
73.2372,76.40665
76.40694,73.91373
73.91434,75.66174
75.66201,73.22241
73.22299,73.69098
73.69135,71.74193
71.74261,72.16328
72.16383,70.4979
70.49882,71.24034
71.24117,69.96887
184.3932,101.1129
101.1149,100.6979
100.7006,105.4327
31.52076,129.367
101.509,86.40549
184.7099,118.2238
118.0431,219.4266
62.61149,142.1902
142.1885,107.3426
167.3986,118.8062
107.336,125.7304
125.7301,99.90698
99.90702,73.16174
73.16172,68.17838
2.487409,68.69971
120.9365,60.56226
60.56231,51.75076
51.7508,46.98836
46.98831,47.46403
47.46403,46.03517
157.2691,52.65182
46.03518,50.93509
50.93511,60.21923
60.21925,59.74669
59.74669,69.49245
69.49247,67.56818
67.56821,75.6077
75.60773,71.79946
71.7995,77.15632
77.15636,72.79216
178.5354,75.48655
5.237189,78.60341
78.60345,79.6934
79.69346,76.2044
76.20442,73.93297
69.71736,80.42394
80.42397,77.06462
77.06467,75.03383
75.03384,73.04484
73.04487,72.83685
72.83685,71.97486
71.97488,72.90933
72.90932,72.49293
72.49293,74.04877
74.04877,73.44773
73.44774,75.25842
75.25842,73.90366
73.90366,75.7075
75.7075,73.37364
165.8892,74.18204
73.37362,71.93399
71.93395,73.80698
73.80695,73.48563
73.48557,75.87732
75.87727,75.34175
158.9704,76.09718
75.34158,76.51116
76.51105,77.66615
77.66609,78.72802
78.72794,79.08475
153.2678,78.10291
79.08459,77.32533
151.3344,76.31595
77.32516,75.27225
75.2722,75.77345
150.5367,74.27453
75.77339,75.49753
75.49751,73.57925
147.2672,75.47202
75.47198,74.01636
74.01632,76.20466
76.20461,74.71731
74.71725,78.25331
78.25327,77.11332
77.11322,80.67068
80.67068,78.8877
78.8876,81.53613
147.4528,111.3303
111.3302,114.1051
114.1057,111.729
111.729,114.2754
114.2764,112.9467
112.9468,115.1689
115.1698,114.2401
81.49986,83.91601
83.91232,97.11562
97.11544,156.7299
156.73,197.9034
65.34988,166.4917
249.3045,160.1803
160.1524,160.1015
160.0874,162.3978
162.3864,137.8525
137.8444,117.421
117.4128,105.4355
2602.649,56.65405
56.6539,68.16038
68.16003,68.6238
68.62507,70.0322
70.03279,66.94268
66.94292,56.18907
56.18918,54.25538
54.25535,52.72427
52.72431,55.17514
55.17514,53.33313
206.5366,61.21788
182.0589,69.30724
161.424,82.9215
82.92146,83.80755
83.80751,86.68869
86.68865,86.32386
86.32383,88.69492
88.69492,87.92304
87.92303,89.71938
89.7194,88.83508
88.83508,89.99054
89.99056,88.99101
88.99101,89.28942
89.28944,88.00886
88.00885,87.45528
87.45528,85.92052
85.92051,84.52998
84.52999,83.08183
83.08183,81.08953
81.08955,79.36613
79.36614,76.8504
76.85042,74.5322
74.5322,71.8091
367.5696,65.44855
65.44859,60.31973
173.9672,55.67077
55.67074,59.99666
59.99681,68.80492
68.80498,69.55567
69.55604,81.11233
81.1125,77.72316
77.72337,87.27303
87.27309,82.22482
82.22485,86.57188
86.57189,80.93623
80.93623,81.43221
81.43222,76.6591
76.65922,76.41851
76.41859,72.8804
72.88078,73.59
73.59019,71.2847
71.28537,73.20696
73.20722,71.48756
71.4884,74.19852
74.19876,72.42704
72.42795,74.94939
74.94962,72.90491
72.90585,74.94103
74.94125,73.18148
73.18252,75.87492
75.87533,73.74081
73.74211,75.98981
32.87168,86.28906
86.29128,87.73814
202.9246,102.447
102.4506,101.948
101.9508,99.45885
99.87415,94.77329
89.22457,88.75087
76.11019,124.7645
1201.656,150.651
150.6497,119.1705
68.18079,106.7048
106.7021,110.7415
110.7405,97.26402
97.26404,84.91694
178.5173,80.0611
82.61246,79.79153
79.79176,72.6228
72.62298,65.80854
65.8087,62.40514
156.711,62.16513
62.40545,58.70167
58.70181,61.18235
61.18243,59.30099
59.30106,64.27798
64.278,61.86104
61.86108,67.93569
67.93565,64.87719
64.8772,70.28339
199.945,75.11372
75.11372,79.56947
79.56942,75.41879
75.41881,77.79905
77.79904,73.78778
73.78781,74.46198
74.46202,71.13924
1.778966,79.20034
72.1331,76.04953
76.04956,74.19134
74.19138,74.33559
74.3356,74.83738
74.83741,74.93141
74.93141,75.6178
75.61781,76.56683
76.56683,76.52781
76.52782,77.68171
77.68171,75.79687
75.79686,76.84048
76.84048,73.48045
73.48042,74.58273
74.5827,71.16609
163.599,71.78347
71.16588,70.28747
70.28725,71.96419
71.96408,72.91903
72.91884,74.85669
74.85655,76.23696
76.23672,77.27402
156.134,77.66045
77.27362,78.55083
78.55064,79.99828
79.99812,79.42431
152.1319,80.15551
79.42406,78.78204
78.78193,79.23888
151.2904,77.35463
79.23868,78.55756
78.55746,75.75742
147.8191,77.10655
75.75735,74.84101
146.9263,76.57643
76.57635,74.66023
74.84084,77.75001
143.2511,76.31303
76.31293,80.07436
80.07438,78.18993
78.18983,80.76339
80.76354,78.60355
149.1313,113.4939
113.4944,110.8045
110.8045,114.0706
114.0715,112.1976
112.1978,114.8707
114.8718,113.7462
113.7464,115.9069
115.9074,114.7937
78.60236,82.74881
82.7457,93.70162
93.70081,149.4984
149.4996,205.4136
182.6141,215.0185
214.9952,156.7463
156.7161,154.5686
154.5533,159.0867
159.076,134.8626
134.8548,111.5804
111.5727,99.20853
99.20828,96.8987
2596.025,45.88371
45.88573,47.5068
47.50802,59.30902
59.3097,64.4647
64.46493,69.80299
220.5777,74.54799
74.54798,70.24463
187.4131,79.74154
166.1862,88.41346
88.41335,90.34688
90.34676,85.94109
85.94089,88.56496
88.56486,85.60413
85.60406,88.1712
88.17117,86.11676
86.11676,88.52156
88.52155,87.3185
87.31851,88.9902
88.9902,87.83706
87.83705,88.64201
88.64201,87.43834
87.43834,87.43315
87.43317,85.78439
85.78439,84.80963
84.80965,82.881
82.88101,81.30283
81.30287,79.45068
79.4507,77.41843
77.41848,74.74192
74.74194,72.33959
72.33961,69.65968
69.65967,67.43354
365.7153,62.07546
62.07546,58.50888
175.2328,55.60581
55.60576,59.96045
59.96061,69.55881
69.55888,70.22415
70.2245,82.92515
82.9253,79.41222
79.41244,89.26392
89.26397,83.36918
83.36922,87.43543
87.43544,80.53602
80.53599,81.43497
3391.242,76.54172
76.54173,77.28089
10.35977,74.41003
74.41025,75.61542
75.61565,74.49231
74.49287,75.99791
75.99833,74.82341
74.8242,76.6335
76.63396,74.84738
74.84822,76.13525
76.13566,73.82529
73.82607,74.07416
74.07452,71.65823
71.65895,71.10578
71.10614,69.26552
69.26627,68.93395
68.93447,67.65981
67.6608,67.53122
67.53208,66.5599
49.06722,78.52206
2195.696,92.94368
92.94688,92.81442
66.67583,68.41026
68.4082,114.5475
110.6215,227.5879
1223.999,148.6713
148.672,101.9946
101.9917,118.9721
84.938,127.0695
127.0693,108.8616
44.01748,76.36392
76.36395,68.70538
5.423256,73.60575
73.606,65.15057
153.551,57.41058
249.2994,61.22064
61.22077,57.32577
57.32585,58.93631
58.93636,55.7262
55.72623,61.57554
61.57559,59.64831
57.41143,61.07198
2144.616,60.6857
60.68573,71.14653
71.14664,71.64864
893.3387,73.84052
185.5813,70.82507
73.84071,77.18598
77.18628,72.9426
74.22618,81.77554
81.77553,77.05865
77.05863,73.66214
73.66207,69.23277
69.23275,63.00707
208.3089,67.3256
67.3256,60.68996
60.68985,58.56538
58.56539,54.50667
54.50664,54.24918
77.48698,61.04642
61.04644,62.80748
179.6387,64.4096
62.80748,68.06966
68.06967,72.13919
72.13919,76.5752
76.5752,81.03609
81.03609,83.55306
83.55306,84.61633
84.61632,86.14758
86.14758,82.7691
82.7691,83.39594
83.39594,76.27166
76.27167,76.78146
76.78144,69.76878
163.2763,70.45328
69.76883,66.94356
66.94356,68.98576
68.9857,69.44341
69.44342,72.46752
72.46748,74.66339
156.6857,76.43055
74.66339,79.76974
79.76972,80.71007
80.71006,83.12566
152.03,82.43867
83.12566,83.41073
83.41073,81.12666
150.2705,80.55499
80.55499,78.30254
81.12664,77.58243
77.58243,75.04826
147.3726,75.94291
75.94291,74.31983
74.31982,75.7165
75.7165,73.99451
75.04826,77.58424
142.3353,76.26632
76.26638,80.24416
80.24442,78.54397
78.5441,81.09727
57.79501,92.29614
234.624,113.7407
113.7412,111.2813
111.2813,114.145
114.1455,112.551
112.5509,115.0627
115.0631,114.2856
114.2855,116.1762
81.07304,84.11487
84.11337,98.51792
98.51382,180.358
180.358,205.381
205.3744,143.672
182.9104,157.695
157.6673,165.6497
165.6343,158.0327
158.0224,129.3148
129.3033,106.567
106.5595,99.15282
99.14809,91.73626
91.73601,89.5591
2504.419,43.18568
43.18707,50.51759
50.51826,61.93925
61.93932,65.81467
65.81458,68.6871
68.68707,64.1337
222.0955,69.58494
188.7435,80.54955
80.54955,78.81741
155.4028,91.74214
91.74209,87.39068
87.39056,89.53071
1420.221,85.47628
85.47626,87.36739
87.36738,83.30816
83.30824,86.3324
1040.045,84.21864
84.2187,86.54552
86.54555,85.62628
85.62634,86.71243
86.71245,87.78399
87.784,88.20309
88.20309,88.82526
88.82526,87.3627
87.36271,86.61172
86.61173,84.40104
84.40108,82.61379
82.61383,79.92783
79.92789,76.59433
352.2581,72.55677
72.55707,63.36723
176.0201,60.53489
60.53492,64.0721
63.36746,65.56245
176.7992,63.78307
63.78295,65.19736
65.19755,72.71873
72.71888,72.30023
72.30057,82.23776
82.23795,78.7485
78.74868,86.51331
86.51337,81.60219
81.60223,85.5051
85.50514,80.534
80.53406,81.78568
81.78577,77.4727
77.4729,78.41375
78.41401,75.14677
75.14722,76.81789
76.81829,74.41994
74.4206,76.59734
76.59783,74.51211
74.51289,76.69168
76.69217,74.32582
74.32661,76.01022
76.01072,73.59676
73.59757,74.80517
74.8057,72.924
72.92494,74.6543
74.65511,72.63892
72.64008,74.76718
74.76858,72.94663
22.05478,87.86089
210.0825,85.71968
85.7225,86.00822
190.9741,84.7364
84.43369,88.98077
88.97733,131.5236
1230.266,134.1016
0,115.727
150.8314,109.7677
109.764,116.4422
116.4418,115.779
175.0749,92.82841
115.779,68.23797
68.23808,63.80271
127.6613,65.7804
65.78046,60.9905
60.99052,54.41566
54.4157,50.18031
155.0674,51.88702
50.1804,50.57123
50.57127,57.08814
57.08816,56.9549
56.95492,64.68143
64.68144,62.76321
62.76323,71.19994
71.19993,68.15588
68.15588,74.83805
74.83801,70.65186
70.65186,74.52641
205.6628,78.88966
78.88968,80.27296
80.27292,75.57437
75.5744,74.80598
76.00363,81.22694
81.22698,79.33376
79.33378,76.62717
76.6272,74.90555
180.17,73.38415
74.90562,71.68286
71.68291,72.06098
72.06097,72.63622
72.63623,74.39018
74.39018,74.3755
74.3755,75.99817
75.99817,75.32343
75.32342,77.18414
77.18414,74.92039
74.92037,76.43458
76.43457,73.2641
73.26406,74.77032
161.9688,70.16822
74.77023,72.33941
72.33933,71.62252
71.62244,74.63288
74.6328,76.7411
76.74098,78.32364
155.1716,78.55135
78.32343,79.51192
79.51183,81.0803
81.08023,80.97385
151.2537,81.39569
80.97373,79.9723
79.97225,79.94502
150.2823,77.98148
79.94496,78.62219
78.62216,76.00743
147.3375,76.77396
76.77395,74.83498
76.00739,76.01473
145.7362,74.23399
74.23396,77.12469
77.12468,75.59757
75.59753,79.2312
79.23125,77.58069
77.58067,80.6512
80.65143,78.68284
150.6528,113.9978
113.9985,111.2139
111.2141,114.6459
114.647,112.6915
112.6918,115.3869
115.3881,114.2743
114.2745,116.3931
78.67103,82.71037
82.71014,89.91983
89.91403,117.9151
117.9169,198.1785
198.1771,180.3663
67.48647,137.2157
253.6903,156.5284
156.5054,164.4069
164.3953,147.1368
147.1259,118.1872
118.1783,102.6934
102.6875,94.79924
2464.249,45.82904
45.82902,48.63215
48.63337,59.19119
59.19173,68.15845
68.1584,68.98307
68.98304,66.59357
224.4972,67.31503
67.31496,64.03931
188.4209,75.42272
75.42272,72.76301
152.0736,85.91719
85.91715,83.39929
83.39924,86.57822
86.57819,84.84538
84.84539,87.76129
87.76129,86.97457
86.97462,89.54834
89.54836,89.06026
89.06031,90.57574
90.57574,89.80531
89.80534,90.43395
90.43395,89.25334
89.25335,88.96079
88.96078,87.04665
87.04665,85.81407
85.81408,83.5638
83.5638,81.79017
81.79019,79.65127
79.65128,77.4699
77.46993,74.61375
74.61375,72.11171
72.11173,69.3796
69.3796,67.08086
347.7611,61.94124
176.4785,59.21135
59.21135,61.48401
61.48402,63.0517
63.05177,71.4378
71.43786,70.86759
70.8677,80.38847
80.38854,77.5243
77.52435,84.04164
84.04169,79.47218
79.47219,82.65903
82.65906,77.31252
77.31253,79.30545
3358.906,75.24449
10.51755,76.21473
76.21494,74.44207
74.44242,75.82954
75.82998,74.86823
74.86887,77.47678
77.47733,76.07107
76.07185,78.10841
78.10896,75.85942
75.86021,76.54697
76.5475,73.98739
73.98816,73.54236
73.54293,71.15939
71.16016,70.16766
70.16837,68.50708
68.50799,68.27188
68.27308,67.13879
67.14017,66.96733
45.4923,77.14752
234.3082,92.38001
92.38357,91.34142
77.15731,74.92794
2923.075,96.29722
96.27828,213.2568
1349.062,157.3338
63.82172,116.3218
131.7568,110.9507
110.951,128.2798
116.3259,110.7988
110.799,85.22773
85.22791,82.94347
83.2472,87.08285
187.2792,81.26901
1277.649,87.66261
87.6627,80.25835
80.25847,78.368
41.60926,82.259
82.25934,84.1644
165.6407,80.33932
84.16493,84.79707
84.79741,79.0447
2476.336,83.45739
83.45781,79.10592
79.10632,81.88457
149.5623,79.088
81.88495,82.50356
82.5038,78.10429
78.10444,79.77596
79.77613,76.39516
76.39523,77.75856
155.273,75.67353
77.75863,77.07101
77.07105,75.50627
75.50628,75.61733
75.61735,74.26614
164.632,72.50896
74.26614,71.93076
71.93076,71.28707
169.8574,71.68254
71.28706,71.13827
71.13825,72.05814
177.3243,69.69421
69.69421,69.70806
69.70799,65.18366
0,65.60822
138.0529,63.95465
63.95465,66.20192
166.2357,65.16092
65.16089,66.71797
66.71786,64.54888
64.54876,65.99094
65.99074,67.12129
67.12103,69.27566
69.27545,72.81255
72.81225,74.65369
74.65354,78.77896
78.7787,79.41174
79.41163,82.44753
82.44732,81.42902
81.42892,82.74886
82.74869,80.64203
80.64194,80.81425
80.81409,78.38196
78.38187,78.5862
78.58602,76.82477
76.82469,78.29573
78.29555,77.35199
77.35198,79.8952
79.89506,78.98376
30.26707,82.96312
112.5571,95.27478
227.4597,118.8401
118.8397,117.1383
117.1385,118.3706
118.3701,117.1308
117.1307,117.0247
117.0244,115.6749
115.6748,113.3037
113.3038,110.2485
263.4849,129.6792
110.2485,98.1049
95.18572,73.03482
277.1652,96.65288
96.65067,158.4456
43.87596,128.1738
0,57.858
57.85817,58.18731
58.18766,82.01889
242.5349,94.2688
251.9055,119.4308
119.43,105.8314
22.64903,106.1917
106.1912,105.703
105.705,103.5593
103.5633,100.909
21.64623,98.74785
98.74992,96.12011
96.12083,95.07903
2253.079,91.99837
91.99727,93.31039
93.30917,90.35096
90.349,91.37215
91.37126,88.30397
88.30272,87.80177
87.8013,84.48923
84.48794,82.37061
1271.487,79.69675
79.69539,76.22758
76.22665,74.34949
74.34864,69.87833
69.87798,69.0649
69.0648,64.10533
64.10546,64.42028
64.42036,59.37092
59.37061,60.71807
60.71751,56.00028
55.99887,58.0078
58.00642,53.92864
53.92677,56.26302
56.26169,51.59659
1941.587,44.04348
44.04207,66.73255
1697.23,77.89856
78.1678,125.5786
2460.702,163.2213
181.757,142.8438
93.00407,138.7081
137.8931,97.36551
52.6598,131.528
1213.758,165.9095
109.6584,169.4194
169.4189,146.3533
146.3531,131.3811
131.3805,113.7881
113.7881,110.0563
110.0561,100.7402
100.7402,96.87191
96.87205,95.61854
2121.15,94.11329
94.11369,99.87162
150.3386,123.5185
123.5193,134.0783
134.0796,133.0216
133.0228,142.1887
142.1908,140.115
140.1167,146.3409
146.3439,143.5081
143.5104,148.0376
148.0418,144.4718
144.4753,148.815
148.8211,145.1092
145.1146,148.7334
148.7403,144.4216
144.4276,145.8567
145.8625,140.5228
139.6368,185.6686
185.6742,178.6774
178.6823,176.9735
176.9764,172.4472
172.4494,172.2848
172.2837,170.1975
170.1964,171.5014
0,170.7435
170.7391,173.6255
173.6178,173.3193
173.3152,177.0134
2898.076,176.7033
176.701,180.8659
180.8631,180.3831
180.3819,184.7852
184.784,184.1419
184.1415,188.2348
139.443,280.8607
280.8607,285.5425
0,283.5256
283.5256,285.1664
285.1664,281.9808
281.9808,277.9946
277.9946,272.7283
272.7283,260.3992
260.3992,252.8478
252.8478,229.7212
229.7212,218.4059
218.4059,182.6418
182.6418,167.0516
0,78.53712
78.53712,69.6475
69.6475,38.65596
38.65596,37.29065
37.29065,26.257
0,7.080531
0.6808165,126.6429
190.2339,301.7796
165.4772,287.6004
3093.894,228.528
228.5159,134.4673
134.4417,129.9685
129.9548,117.531
117.5036,110.2677
29.76852,69.29582
69.24898,64.11502
64.08972,48.81279
48.77238,52.14386
52.12056,51.31897
51.2909,62.69601
62.68004,69.28805
69.27895,77.87876
77.87435,84.08775
84.086,87.10855
87.10833,89.37252
89.37239,89.36285
89.36284,86.19946
86.19991,85.47769
85.47762,79.9105
79.91214,80.34911
80.3498,76.20483
76.20724,76.42989
76.43179,73.9667
73.96941,73.93179
1475.313,72.33752
72.33881,73.02042
73.02155,76.47841
76.47948,77.77723
77.77804,81.92241
81.92355,81.53928
81.54009,90.56066
90.56178,88.45097
88.45171,97.36664
97.36747,91.79677
91.79724,95.96353
95.96396,89.24398
89.24418,89.44672
89.44688,83.07403
83.07407,81.99534
81.99538,76.71105
76.71104,74.79229
74.79229,69.40368
69.40367,67.57362
67.57362,64.30665
64.30664,65.04176
80.27126,89.5412
89.54119,93.26127
93.26126,93.09205
93.09204,97.29537
97.29538,96.73416
96.73418,99.72279
99.72282,97.91267
97.91277,99.4099
99.41,96.7328
96.73299,96.50256
272.8574,116.5447
0,109.99
754.8362,107.5862
97.64527,68.12405
0.410771,124.0271
18.40088,173.1603
654.9748,121.7557
121.7558,93.7567
0.9733254,112.1706
1080.967,125.6448
0,105.6235
105.6274,84.99858
1.533697,99.2802
111.4319,90.76885
90.7696,78.54346
0.2530169,82.45068
82.45102,76.21198
76.21201,72.08643
72.0866,64.30923
64.30927,64.79243
64.79263,59.95796
59.95805,64.47677
64.47704,61.13681
129.2953,65.88641
202.6229,55.09062
78.22381,64.23791
64.23841,68.07435
135.9004,74.43543
74.43559,70.93001
70.93006,73.85048
175.6799,70.75097
73.8508,71.80103
175.0174,80.27007
80.27001,83.73305
156.8408,79.99881
44.08208,82.31592
0,80.38372
80.38374,78.13507
177.2393,78.53879
78.53881,75.99389
75.99392,75.32525
75.32526,73.90457
73.9046,74.99842
74.99844,74.06455
74.06456,75.39988
75.39988,73.71382
160.4962,73.62258
73.7138,70.47088
70.47084,72.53435
72.53429,72.08889
72.08871,75.02217
75.02203,72.77727
153.8855,73.27166
72.77689,70.42726
70.42706,72.06097
72.06082,73.46315
146.3192,75.38423
75.38408,76.84724
76.84706,77.02042
77.02031,79.46034
79.46018,79.44499
79.44488,82.16275
82.1626,81.13773
81.13762,82.93138
82.93124,80.77962
80.77953,81.49884
81.49874,78.49984
78.49976,78.48784
78.48777,75.23135
75.23128,75.45644
75.4564,72.49835
72.4983,73.87635
73.87634,71.41363
71.41358,74.88036
74.88042,72.8912
72.8912,76.45778
76.45792,74.17815
168.9924,90.2149
230.6204,105.1676
105.1675,108.8545
108.8549,106.8303
106.8302,109.1418
109.1422,108.4329
108.4327,109.8496
109.8498,109.9323
109.9321,109.7793
90.29701,91.40257
74.19884,82.14517
82.13276,163.6472
189.4746,239.7353
256.9017,226.7646
226.7551,137.7979
137.7865,152.4381
152.4335,164.5346
0,68.42981
68.42966,73.02927
73.02934,78.2767
78.27718,77.19751
77.19769,73.20735
139.9166,64.77794
102.5839,77.55996
77.55988,69.81487
69.81471,74.89532
74.89516,67.80359
67.80338,72.48873
72.48868,68.54075
68.54076,73.64251
73.64262,72.11401
72.11414,75.30679
75.30703,74.08267
74.083,75.45869
75.45925,72.02428
72.02494,72.4511
72.45206,67.88881
67.88975,68.4397
68.44091,65.30978
65.31076,66.64243
66.64359,66.49082
66.49158,68.65532
68.65619,71.19248
71.19296,73.2394
73.23994,77.44665
77.44691,79.05714
79.05744,83.94832
83.94845,84.97615
84.97629,89.5359
89.53596,89.95626
89.95631,93.64198
93.64201,93.59094
93.59095,96.30522
96.30522,95.86383
95.86383,97.65165
97.65162,96.74947
96.74948,97.78986
97.7898,96.45766
96.45769,96.87436
96.87428,94.86532
94.86536,94.68681
94.68674,92.03777
92.03785,91.49892
91.49885,88.23356
88.23367,87.50166
87.50162,83.67134
83.67148,82.78217
82.78215,79.05434
79.05449,78.12531
78.12531,74.56505
74.56522,73.91657
73.9166,70.83649
70.83667,70.74335
70.74338,68.04596
68.04615,68.36122
68.36127,65.98178
65.98199,66.692
66.69207,64.55291
64.55318,65.44184
65.44194,63.08551
63.0859,63.96424
63.96439,61.71276
61.71337,62.90849
62.90868,61.11343
61.11444,63.39911
63.39942,62.84612
176.1614,77.37788
77.37805,76.85089
76.8537,79.23087
217.4101,94.54951
95.21227,95.1895
0,106.8561
0,163.5901
2636.453,144.6264
104.878,101.3444
101.3307,111.3356
144.6202,120.395
120.3915,110.5818
110.5811,81.96617
81.96606,85.32597
85.32581,82.5441
153.7561,80.82774
200.5127,72.21155
80.82729,64.72981
64.72985,63.51706
63.5173,62.98484
62.98498,62.69088
62.69098,59.18357
59.18377,62.37742
105.5519,68.70093
68.70097,74.46365
126.4708,70.67065
74.46357,70.25143
70.25134,71.23475
71.23459,79.96997
79.96982,77.82717
77.82713,79.46026
79.46022,76.79958
126.6896,75.5246
76.79934,69.57496
69.57452,69.16008
69.15998,72.85309
72.85297,71.32014
124.2158,68.49448
71.32009,61.07529
108.989,71.68629
71.68609,73.34776
73.34772,77.09625
176.8797,70.97879
77.09615,69.77785
69.77775,66.46792
66.46792,72.35545
179.9285,71.46108
72.35546,72.00834
72.00834,70.30839
70.30827,74.59944
181.6874,75.67648
74.59922,76.07925
76.07915,75.58828
75.58804,77.1154
184.2516,77.73981
77.11501,76.82467
76.82447,76.80564
76.80536,75.5452
75.54503,76.96523
184.1974,73.96702
76.96465,76.08097
76.0806,72.74976
72.74963,75.05515
75.055,71.8701
182.0331,74.64983
71.86984,72.64939
72.64914,77.0236
77.02348,75.09019
75.09014,79.48373
171.3058,77.22272
79.48347,81.42001
151.1285,92.21758
199.0837,116.2832
116.2843,113.1624
241.7199,118.8664
113.1631,116.7759
116.776,121.5999
121.6012,120.3857
235.3412,125.8993
120.3862,124.9422
124.9423,126.9547
262.226,125.8025
328.4538,156.7694
156.7694,153.6826
324.5371,198.5735
2842.403,146.0948
2266.956,110.4555
126.9654,161.3455
161.3689,253.8518
193.0077,222.4762
253.8526,114.2142
114.199,120.3065
176.91,146.1356
146.1365,131.8813
3000.777,57.27287
57.27491,78.71604
1.124121,122.2039
122.2018,118.3449
601.4969,109.7792
109.78,107.9538
72.2405,90.44508
90.44561,94.94392
94.94414,88.78551
88.78606,92.54227
92.5425,90.34353
90.34385,95.61349
95.61356,92.46598
92.466,96.04051
96.04049,92.85269
92.85265,96.54285
96.54282,92.19483
92.19481,94.14762
94.14767,88.06123
88.06129,89.02792
89.02812,82.3427
82.34287,82.47385
82.47414,74.25132
74.25155,73.49573
73.49603,64.57964
64.57984,63.53255
63.53273,57.04232
107.9512,54.99069
54.99124,46.39556
133.8,45.82359
46.39648,53.21382
137.7164,56.77444
53.21384,66.46835
136.1866,66.44176
66.44177,76.47096
76.47059,75.62914
75.62927,83.374
83.37349,79.18014
79.18026,84.15128
84.1507,79.2513
79.25143,81.98824
3123.757,77.25898
77.25919,79.27785
9.01891,75.20674
75.20713,77.15503
77.15417,74.04758
74.04815,75.87933
75.87849,72.84162
72.84229,74.92116
74.92035,71.74508
66.46491,74.82661
74.82571,71.63615
147.0186,73.48837
71.63714,71.41451
71.4152,73.23486
73.23413,71.64887
1.11689,86.75913
97.59113,84.81309
166.0047,105.4785
85.10971,86.3508
166.5764,89.08054
89.08075,109.397
71.78318,149.7541
82.53701,144.9664
144.9645,118.6362
106.3908,112.8449
118.6215,112.4843
112.4822,95.93653
95.9364,71.26351
130.6416,71.18155
71.1816,67.44643
67.44646,63.35627
173.2668,57.41599
63.35628,50.92064
50.92064,49.34577
49.34574,48.8513
48.85124,54.22829
54.22827,55.12425
55.12423,64.51695
64.51698,62.60814
129.5526,79.7793
79.77937,75.99292
143.6169,82.51706
75.99318,76.77185
76.772,81.5209
138.4641,90.16508
90.16515,94.37143
94.37153,89.31387
89.31393,90.53587
167.8395,85.60606
90.53607,83.74696
83.74708,81.22435
81.22433,80.21104
80.21105,79.13248
79.13246,76.19172
76.19172,75.51521
75.51518,72.85552
72.85552,73.37974
73.37971,70.78139
70.78138,71.84681
71.84679,69.35043
69.35043,70.85821
167.0973,66.82756
70.85822,69.3194
69.31939,68.74905
68.749,71.67312
71.67309,73.76087
73.76077,75.58722
161.715,75.6677
75.58705,77.11183
77.11172,78.41695
78.41682,78.64119
158.3969,78.97781
78.64097,78.21326
78.21313,78.46025
78.46014,76.5416
154.1284,77.10858
76.5414,75.07512
75.075,75.85754
153.2236,74.16726
75.85729,75.95613
148.9078,74.13591
75.95578,76.45065
76.45054,74.91266
146.4119,79.47234
79.47219,78.4967
78.4965,81.83486
81.83463,79.69595
79.6956,81.9043
63.8092,111.9195
111.9191,114.4605
114.4605,112.1244
112.124,114.4567
114.4571,113.0489
113.0488,115.2212
115.2218,114.0789
114.0789,114.9911
81.89479,81.76753
81.76655,89.28237
89.271,126.77
126.7758,195.8492
106.0865,238.2314
238.2229,155.1144
155.0874,153.3647
153.3472,162.6821
162.6765,145.2459
145.2382,116.6716
116.67,107.2864
3088.276,59.31332
59.315,68.99178
68.99326,72.16753
72.16895,69.97816
69.97912,64.86925
64.86973,58.09787
153.0001,59.32788
179.0151,70.27316
274.2697,76.48041
76.48038,79.61073
79.61063,76.29435
76.29425,79.94104
79.94099,79.57829
79.57825,83.46667
83.46667,84.51495
84.51495,87.7018
87.70184,88.62883
88.62885,90.68802
90.68809,90.59657
90.5966,91.64207
91.64214,90.57919
90.57922,90.72667
90.72674,88.73387
88.73389,88.04547
88.04552,85.50111
85.50111,84.1141
84.11413,81.76519
81.7652,79.91426
79.91428,77.58669
77.58669,75.29924
75.29925,72.72423
72.72422,70.25735
70.25735,68.6921
68.69207,66.54615
66.54615,67.43665
417.1027,65.40826
135.2061,64.7187
64.71865,65.29198
65.29207,70.82703
70.82694,70.17478
70.17499,78.0804
78.08033,75.33556
75.33575,82.3026
82.30251,78.28952
78.28968,82.56077
82.56065,77.88686
77.88704,80.09938
80.0992,75.93716
75.93743,77.22437
77.22412,74.20348
74.20387,75.43403
75.43373,73.2851
73.28562,75.01965
75.01933,73.12529
73.12592,74.93825
74.93793,72.99081
72.99152,74.82535
74.82506,73.22495
73.22574,76.07394
76.07367,73.99164
73.9926,76.49245
76.49215,74.45889
168.2786,89.80824
89.80824,87.22833
87.23036,86.98383
187.0674,126.9217
197.7691,97.98129
87.3228,86.21017
74.76776,97.25945
1167.363,130.5547
0,136.6614
136.6545,110.2035
108.2619,111.1304
110.1974,102.5367
102.5365,81.8553
81.85534,76.8265
127.5815,79.12623
79.12628,72.69747
173.3491,65.06141
72.69762,60.14579
60.1459,59.42831
59.42839,57.92277
57.92283,61.01033
61.01041,59.21945
59.21954,64.06628
64.06637,61.92212
61.92222,68.48224
68.48229,65.87276
65.87283,71.49832
127.3854,76.49683
76.49687,80.93702
80.93704,76.74868
76.7487,79.01065
79.01069,74.91782
74.91784,75.33382
139.9025,82.22775
167.2667,79.35384
82.22778,76.02194
76.02193,73.95417
73.9542,74.03135
74.03134,74.66349
74.66352,74.80962
74.80961,75.74035
75.74037,76.64048
76.64047,76.74092
76.74094,77.75542
77.75542,75.90069
75.9007,76.76759
76.76759,73.40829
73.40826,74.31667
74.31666,70.87316
70.87304,72.14902
167.2547,67.95516
72.14877,70.12967
70.12946,70.04199
70.04172,72.50082
72.50063,75.1758
75.17549,76.44574
161.5971,77.6754
76.44526,78.52931
78.52909,80.61586
80.61566,79.96127
157.2593,80.9696
79.96098,79.321
79.32087,79.76408
154.053,77.71351
79.76382,78.75703
78.7569,75.9138
152.436,77.31912
77.31904,75.20964
75.91363,76.67262
147.1606,74.89641
74.89632,78.39098
78.39095,76.73772
76.73762,79.86847
79.86855,77.71745
77.71744,80.15377
57.91635,109.229
109.2292,112.0215
112.0226,109.5706
109.5711,112.6998
112.7015,110.3425
110.3431,113.6975
113.6989,111.5518
111.552,112.3865
257.099,91.45509
80.15337,80.10487
80.08198,103.7629
103.7489,197.0484
109.8401,261.658
261.6394,150.669
150.5988,138.3811
138.3379,157.8447
157.8335,136.3157
136.3007,108.125
108.1214,96.41689
96.41627,98.40438
3117.417,49.33348
49.33602,62.78154
62.78237,68.77322
68.77314,74.67308
136.1494,93.25367
93.25359,86.45691
329.9992,95.12173
95.12163,93.52312
93.52318,92.90981
92.90978,88.18993
88.18964,88.30421
88.30402,84.15349
84.15331,84.25166
84.25156,81.58568
81.58564,82.54314
82.54313,82.50056
82.50058,83.40688
83.40693,85.059
85.05907,85.50501
85.50513,88.29462
88.2948,87.88715
87.88737,90.54488
90.54517,89.04823
89.04858,90.67841
90.67886,88.14326
88.14381,88.76513
88.76582,85.61113
85.6119,85.45322
85.45412,81.98798
81.98895,81.38972
81.39079,77.95525
77.95637,77.30079
77.30188,74.12778
74.12888,73.45219
73.45313,70.61209
70.61299,69.88297
69.88361,67.5208
67.52139,66.27105
66.27132,64.44234
64.44259,62.18537
62.18539,60.97159
60.97162,58.22555
58.22557,57.81344
57.81347,55.19518
55.19544,55.64746
55.64764,53.36091
53.36141,54.60686
54.60704,52.49115
52.49142,54.4793
54.47887,51.86361
51.86269,54.7352
54.73329,50.61984
50.61689,54.55151
54.5477,47.84069
256.9356,42.4297
1278.806,63.64578
63.29812,91.67435
3079.201,96.87397
15.99431,187.5609
102.0707,184.9194
184.9145,134.0583
2.572959,188.8934
2323.86,164.1876
162.6768,236.2229
192.0118,231.0977
212.9855,176.3484
176.3477,132.7281
146.1564,131.9386
146.6569,114.686
147.4542,108.9622
108.9625,88.45712
378.4174,106.2046
2.32565,97.16638
97.1667,95.64671
511.3756,88.63065
98.51247,94.68658
94.68624,98.19212
98.193,89.94167
89.9427,100.2487
100.2511,103.0929
296.3202,157.4907
157.5007,167.943
1.777455,134.8548
134.8646,142.1478
142.158,137.2952
137.302,131.5307
131.5395,124.4975
124.5047,124.0293
124.0395,120.3792
120.3877,125.4639
125.4754,121.391
121.4012,128.84
128.8517,125.6176
125.6287,134.7444
134.7544,132.4568
132.4672,140.9625
140.9694,139.4199
139.4279,146.6115
146.6147,144.2004
144.204,148.9482
148.9483,145.5762
145.5756,148.9302
283.1752,193.4676
0,189.8898
189.8853,185.9834
185.9744,187.0753
0,183.6446
183.6358,193.6619
193.6691,187.2624
187.2458,196.197
196.1871,192.1976
192.1742,201.8853
201.8739,197.3944
197.3809,205.1206
205.1148,201.2843
201.2788,207.1528
207.1507,203.2532
203.2519,205.9448
305.6911,303.8701
303.8701,302.8889
302.8889,297.8862
297.8862,291.0173
291.0173,285.6776
697.9701,273.8088
273.8088,269.2763
269.2763,249.1872
4365.296,163.4495
163.4495,143.7477
143.7477,142.1512
142.1512,115.6091
115.6091,117.4344
117.4344,87.95831
87.95831,95.95835
95.95835,58.77303
244.0815,54.44444
54.44444,37.82067
90.89188,51.09064
816.2363,50.22467
62.50234,35.63981
0,107.7512
1.129856,284.3139
61.66238,210.5869
279.2407,209.6448
140.7662,157.4523
101.4812,134.7255
157.4523,150.9242
94.11704,160.0785
160.0785,127.6467
127.6467,104.0842
104.0842,100.5203
2794.841,81.01404
81.01475,67.53256
233.3966,67.49603
67.4983,58.84525
134.0587,62.12238
62.12587,58.96148
58.96748,58.05149
58.05613,60.86655
60.87218,63.11298
63.11565,68.75258
68.75504,72.66402
72.664,79.2478
79.24813,82.51603
82.51476,87.88397
283.3289,104.4621
104.4606,108.8464
108.8463,108.6398
108.6389,111.0922
111.0931,109.6043
109.6038,110.6346
130.7991,130.4413
130.4412,129.905
1772.505,127.9017
127.9016,125.9667
125.9693,124.8837
124.8833,121.8844
121.8858,121.4872
121.4866,118.214
118.2146,118.5167
118.5163,114.297
114.2972,115.2692
194.9095,136.0083
136.0083,134.2342
134.2341,129.2905
129.2905,128.4281
258.6414,158.9349
158.9349,166.7622
166.7622,152.8964
152.8964,157.9521
157.9522,147.1896
147.1896,153.2977
153.2977,142.0163
142.0162,148.9402
148.9402,136.3219
136.3219,144.129
2928.923,134.864
134.8641,144.8455
144.8457,125.5364
125.5364,125.5186
125.5188,111.6962
111.6962,122.9766
122.9767,105.9769
105.9768,109.4849
2860.792,96.65276
2422.597,101.294
101.2924,188.031
2898.901,143.2018
0,117.5671
117.5376,105.2509
184.4926,165.2339
58.74605,176.9162
70.45754,146.8505
146.8489,150.4086
150.4075,140.9584
140.9582,118.9784
260.3626,119.2542
118.9772,94.5547
1252.719,79.6261
79.62712,68.79086
1434.798,58.38612
58.38638,48.91693
1.590983,51.74275
213.2162,46.25238
46.25175,48.20472
1720.671,46.27061
46.27014,50.82344
50.82502,50.1472
50.14774,58.2357
176.5376,59.34846
58.23925,69.44319
69.44276,72.80593
2386.779,77.55075
2918.335,66.43111
66.43016,84.82474
84.82285,91.65358
91.65188,95.00462
102.8508,95.78741
200.1012,92.40008
95.78937,86.91638
86.91717,84.9169
84.91773,82.58853
82.58888,77.95507
77.95544,73.93933
155.4941,77.29086
77.29089,73.66378
163.7786,68.74411
73.66364,65.31817
65.31773,61.06361
107.5062,67.50442
67.50433,64.83571
64.83624,62.66299
62.66316,62.64387
62.64474,61.55495
207.5714,63.47873
61.55574,62.88767
62.88838,65.62141
65.62226,65.48087
65.48152,69.25383
69.25439,69.16738
69.168,73.55872
73.55897,73.15029
196.3623,77.09734
73.15074,76.05523
76.05552,79.18861
79.1882,77.22659
77.22634,79.71266
79.71201,77.02205
77.02183,79.62487
79.6244,76.81463
76.81451,79.33253
79.33221,76.19265
76.19257,78.47546
1.312341,105.5863
195.9966,108.0281
108.0281,103.5785
103.5787,107.9217
107.9226,104.561
104.5616,109.7206
262.1159,106.6203
106.6207,111.533
109.7235,108.2498
108.2502,114.2929
282.0933,112.0506
112.0507,117.1013
117.1015,113.2034
187.7438,146.2843
146.2844,142.2676
142.2676,145.4328
2255.457,187.5975
178.2194,188.513
188.513,182.9284
182.9284,177.2399
177.2399,171.2574
171.2574,158.4989
158.4989,153.25
153.25,132.0913
132.0913,126.3047
4290.169,94.44877
1834.088,86.21081
2091.171,316.1391
316.1427,354.6895
260.0013,336.3403
0,159.7472
159.752,100.5006
239.6718,206.2082
206.211,156.0351
156.0352,125.6829
100.5002,79.29205
79.29163,63.98469
0,48.28887
1804.064,49.29092
49.29551,37.59329
37.59644,38.61121
201.6098,44.81404
106.5492,59.36664
8.454546,67.86842
67.86843,74.65656
74.65656,84.34409
84.34431,89.03582
89.03595,97.14973
97.15015,100.0976
100.098,103.1653
103.1656,104.2646
104.265,103.3919
103.392,103.554
103.5543,99.70518
99.70511,99.34782
99.34797,93.72466
93.72462,93.08237
93.08244,86.97171
1841.295,86.16764
86.16766,80.96555
80.96554,79.99236
79.99236,75.47322
75.47323,74.26477
74.26477,69.52257
69.52257,68.00128
68.0013,63.61781
63.61777,62.35004
62.35007,59.92351
59.92345,59.57931
59.5794,59.55515
59.55512,60.328
60.32822,63.09775
63.09782,63.89121
63.89165,69.18077
69.18095,68.91026
68.91084,75.1947
75.19493,73.54826
73.54889,78.91205
78.91235,75.98698
75.9877,80.04885
80.04929,76.56316
76.56406,79.85668
79.85728,76.32475
76.3258,79.31221
79.31293,75.81314
344.456,75.49184
75.49273,74.1935
227.4975,86.26476
1.141998,99.72878
99.73095,102.0583
192.5671,96.57286
96.57443,99.55869
99.55965,94.19695
169.3194,90.97645
94.19899,86.98757
86.98854,86.86443
2767.122,76.7891
1873.766,97.99316
196.2405,115.7328
115.7311,110.4449
110.4413,96.27699
96.27683,105.9214
88.77789,107.4154
177.5215,82.44669
82.44821,79.29891
79.29933,76.78725
76.78739,68.47124
68.47125,62.1099
62.10997,56.27277
2.48179,59.18161
109.0465,53.37263
53.37267,54.48257
54.48257,53.1608
53.16079,60.44284
60.44291,58.76778
58.76781,67.46052
67.46052,65.02678
65.02679,73.66699
191.8346,69.52328
73.6668,73.73621
73.73608,70.37867
70.37864,76.29945
188.4882,81.7951
81.79507,84.09258
84.09255,78.51359
78.51361,78.43323
78.43327,73.92706
73.92711,72.40936
83.33786,78.78262
78.78265,76.42521
152.4845,73.53009
76.42534,70.88647
70.88647,69.95472
69.95464,70.24089
70.24086,71.16715
71.16711,72.27042
72.27039,73.20962
73.20956,74.34219
74.34217,75.44032
75.44027,75.52876
75.52876,76.2059
76.20588,74.98823
74.98824,75.29131
75.29132,73.56691
73.56689,73.7308
73.73079,72.60624
133.8626,72.22173
72.60606,72.09299
72.0928,72.09134
72.09121,73.901
73.90076,73.87863
73.87845,75.98889
124.5538,74.8388
75.98834,77.03326
77.03294,75.42097
75.42077,77.82558
123.4206,75.89536
75.89514,77.89854
77.82485,75.64282
122.8515,78.94176
78.94148,77.44276
77.44244,80.64014
80.63975,78.68039
78.67995,80.9959
85.30869,92.03273
209.8548,113.1001
113.0994,110.2281
110.2273,112.52
112.5195,110.1622
110.1616,112.4156
112.4156,110.9528
110.9525,113.1135
113.1138,111.6042
111.6043,113.1509
113.1512,111.5479
111.5479,111.3822
80.97195,79.72823
72.30342,107.367
107.3504,207.8013
219.6949,272.7274
272.716,186.8599
186.8313,148.9992
148.9743,170.967
170.9537,157.9779
157.9727,129.3416
129.3344,111.9947
2736.582,61.23437
61.23603,77.98689
77.98664,74.73701
74.73843,73.6966
73.6974,72.02621
72.02652,58.61533
152.0479,60.78033
60.78031,56.28787
56.28796,58.33389
58.33388,54.99173
54.99165,56.7334
58.61552,50.47572
136.4145,58.9864
58.98634,60.29831
76.02927,81.01611
81.01608,83.70125
322.5466,86.63026
86.63029,88.84725
1037.885,90.67503
90.67511,91.41628
91.41631,92.27834
92.27843,91.96547
91.9655,91.95738
91.95744,90.64512
90.64513,89.95528
89.95531,88.17353
88.17352,86.91168
86.91168,84.97198
84.97198,83.12268
83.12267,81.60014
81.60014,79.3708
79.3708,77.87543
77.87543,75.2466
75.24661,73.33722
73.33722,70.57812
70.57816,69.43921
1433.125,66.29478
137.6762,62.67264
62.67258,63.28081
63.28098,67.56413
67.56413,66.80764
66.80797,74.40434
74.40442,70.99912
70.9993,79.09493
79.09496,75.30095
75.30097,81.04779
81.04779,77.37545
77.37545,80.70193
80.70196,77.66128
77.66142,79.87717
79.87728,77.85703
77.85741,78.98769
78.98797,77.27292
77.27356,77.79189
77.79229,75.69099
75.69178,75.54697
75.54741,73.0639
73.06474,72.42472
72.42516,70.01462
70.01546,69.15149
69.15191,67.03245
111.6598,78.03812
78.03862,76.11543
96.83699,91.71104
174.8332,112.7318
112.734,112.7725
112.7737,111.3184
111.3217,111.0508
111.0521,109.6489
109.6536,109.3805
2777.717,77.01253
77.00865,185.2115
67.98135,208.3067
1190.313,151.0104
151.01,101.3842
101.3816,136.4934
136.4904,134.4948
134.4947,96.63044
96.63092,80.24844
36.28763,84.38071
159.7578,80.62715
195.0132,82.23251
82.23275,73.51786
1315.063,64.32785
64.32806,58.0849
58.08515,53.58774
53.58783,49.69867
49.69884,52.19864
52.1987,50.28981
50.28988,57.40896
57.40901,56.71735
0,61.44553
2293.239,64.20751
64.20745,79.35191
191.0226,78.56189
79.35184,82.0158
82.01595,78.05308
78.05314,80.09465
80.09473,77.05223
77.05225,76.12029
76.12029,72.75954
72.75953,69.57008
69.57001,66.30644
203.4792,69.82919
69.82909,66.6657
66.66571,62.96821
62.96817,60.8881
80.39017,66.69617
66.69615,66.1634
66.16343,65.61903
65.61904,66.60727
154.2044,67.2243
66.60729,70.15354
70.15356,71.36203
71.36204,74.40511
74.40511,75.91032
75.91032,77.99905
77.99906,77.9933
77.99329,80.1114
80.1114,78.36639
78.36637,80.17026
80.17026,76.68729
76.68726,78.48698
78.48695,74.81763
135.669,76.25887
74.81752,74.25623
74.25615,75.98499
75.98494,75.16641
75.16639,77.11488
126.8753,75.53429
77.11475,77.21292
77.21287,76.78402
123.1179,77.30713
76.78399,78.68719
78.68716,77.43896
122.2274,77.68053
77.43892,76.06255
122.3365,75.6747
76.06251,73.60227
121.8216,74.42284
73.60225,72.61654
121.2945,74.75668
74.75666,73.41435
72.61651,76.7916
116.4929,75.63456
75.63454,80.12286
80.12298,78.68721
78.68718,81.78272
81.7829,79.9133
127.0049,115.5022
115.5025,112.9539
112.9537,115.5367
115.537,113.7141
113.7137,116.0759
116.0762,115.212
115.2117,117.1684
117.1685,116.5344
79.89722,82.23326
82.23305,88.63136
88.62859,135.1119
135.1117,218.5547
66.25725,215.5752
219.2909,163.4799
163.4436,150.4924
150.4726,173.9333
173.923,151.3558
151.3487,116.7123
116.7033,100.5225
100.5216,97.44748
2675.472,46.11945
46.12111,47.08564
47.08689,55.79302
55.79394,61.4766
61.47683,65.07832
65.07844,62.02158
150.5941,64.99316
108.3832,74.65295
74.65295,73.88957
96.80877,87.06661
87.06654,83.74528
83.74512,86.45969
86.45961,83.27067
83.27058,86.23754
1101.116,84.08447
84.08446,86.67307
86.67307,84.72946
989.4604,87.19874
87.19874,86.72823
86.72823,88.46158
88.46157,88.71715
88.71713,89.06104
89.06104,88.67216
88.67214,87.8678
87.8678,86.73145
86.73145,85.08986
85.08988,83.92589
83.9259,81.77292
81.77295,79.63586
79.63588,76.9759
307.6455,68.92752
68.92759,62.91362
135.9941,55.96981
62.91389,60.70489
60.70489,63.03619
134.2859,62.92825
62.92827,77.96737
77.96737,78.83044
78.83071,90.97346
90.97356,85.32055
85.32072,92.21612
92.21614,85.96454
85.96455,87.85666
87.85666,81.65445
81.65444,80.60606
80.60607,75.89339
75.8935,75.19982
75.19989,71.8105
71.81083,73.14251
73.14265,70.67661
70.67713,73.8702
73.87036,71.86393
71.86452,75.57972
75.57984,73.68981
73.69037,77.31413
77.31421,74.58672
74.58719,76.81148
76.81154,74.07653
74.07697,74.89655
74.89665,72.90562
72.90618,73.82008
73.82043,72.44318
72.44408,73.82362
73.82429,72.73386
115.438,87.01908
217.8974,85.61426
85.6162,86.40455
209.7262,102.4125
2308.483,82.79826
83.0308,90.16403
411.5053,114.4983
100.1771,130.5629
130.5618,114.3477
114.3415,96.57646
96.57377,99.98467
99.98299,90.65189
2.272542,82.95419
130.1756,75.13857
111.9544,75.69621
75.69627,71.05986
71.05986,66.26917
66.26918,61.98241
61.98241,63.00781
63.00783,59.95808
191.1203,63.75069
59.95818,59.48315
59.48327,64.4849
64.48499,62.32203
62.32208,69.71163
69.71164,66.07455
66.07457,71.62378
200.5952,76.13058
76.13062,80.59137
80.59138,76.20403
76.20408,78.1559
80.41602,84.63396
84.63399,84.62678
84.62681,80.86541
80.86541,79.60278
79.60279,77.17574
154.1827,73.85766
77.17569,72.26984
72.26978,69.83769
69.83767,71.43449
71.43449,71.68558
71.68558,72.89285
72.89285,72.71753
72.71754,74.42281
74.42281,72.83266
72.83266,74.35851
74.35852,71.12955
71.12955,72.33926
72.33925,69.44921
69.44917,70.87878
133.1323,67.92913
70.8786,70.08675
70.08659,71.17307
71.17287,73.62768
73.62752,77.50706
77.50681,78.51778
122.9641,80.48623
78.51738,80.43783
80.43766,82.49667
121.5046,81.17793
82.49635,83.11755
83.11739,80.24707
80.24702,80.9206
121.6994,78.36593
78.36588,78.56422
80.92035,75.76169
120.1663,76.92162
75.7616,74.87889
117.9638,77.20856
77.20851,75.64651
75.64645,79.10292
79.10291,77.33736
77.33731,80.13065
80.13079,78.09576
78.09578,80.54566
130.2423,110.0639
110.0641,112.9894
112.9905,110.8895
110.8898,113.703
113.7044,112.4861
112.4865,115.0058
115.0068,113.9567
113.9568,115.2145
80.5357,84.22979
84.22688,98.90675
98.90314,184.8004
184.8009,197.6179
136.1737,188.2045
188.1795,154.1953
154.1697,167.6808
167.667,154.8414
154.8324,124.8306
124.8208,105.0856
105.0826,99.12898
99.12739,93.4634
2620.527,46.18665
46.18777,57.3304
57.33124,63.85411
63.85448,68.90761
156.0879,76.34772
76.34776,69.0895
109.1513,74.87335
94.75222,81.61391
81.61389,85.25978
85.25975,80.97552
80.9754,84.44882
84.44875,82.75083
82.75081,86.33448
86.33447,85.63971
85.63974,88.56179
88.5618,88.451
88.45102,90.55328
90.55328,89.95049
89.95049,90.88577
90.88577,89.61955
89.61955,89.6881
89.6881,87.77049
87.77049,86.95455
86.95457,84.50935
84.50935,83.06583
83.06586,80.8755
80.87551,79.01408
79.01412,76.41946
76.41947,74.13316
74.13318,71.04445
71.04445,68.72469
68.7247,66.76734
303.8464,64.20709
64.20712,61.06024
138.3218,59.67284
59.67284,65.87585
65.8758,67.24906
67.24918,74.42879
74.42883,71.76656
71.76669,79.7022
79.70224,76.62401
76.62404,83.38277
83.38277,80.25599
80.256,84.1712
84.17124,81.0287
81.02882,83.54534
83.5455,80.96838
80.96874,82.44183
82.44215,80.40168
80.40227,80.65035
80.65079,78.50024
78.50095,78.11552
78.116,75.67406
75.67479,74.87514
74.8756,72.44186
72.44257,71.43176
71.43225,69.25172
69.25243,68.20199
68.20256,66.58752
66.58831,65.9824
65.98309,65.03551
65.03647,64.9726
64.9735,64.34203
64.34333,64.94605
104.565,75.1402
196.0704,92.20638
92.2082,91.07556
75.00922,75.33768
2800.011,103.7167
103.6967,226.1191
1329.212,162.7841
1211.876,134.4205
134.421,107.4303
107.4305,132.974
132.9735,122.0861
24.22543,87.18562
87.18559,80.00899
92.2028,77.06051
101.7452,73.11351
73.11389,62.51968
188.3095,64.13573
64.13602,58.98367
58.98374,54.20835
54.2085,53.68716
2220.736,50.93739
50.93742,55.70314
2246.617,48.79777
48.79776,57.96654
57.96655,59.45524
59.4552,71.45379
881.7043,64.29772
188.4138,70.72987
64.29771,68.00247
28.38319,80.54449
80.54455,77.86926
77.86926,81.46947
81.46948,77.05775
77.05774,76.2085
199.1943,80.56114
80.56115,77.99888
78.65857,83.63693
10.85516,82.26904
82.26911,77.63586
77.63595,74.90191
146.9824,71.98286
74.90211,67.15012
67.15018,64.27119
2533.283,60.72138
60.7213,59.64159
59.64164,54.5665
54.56638,54.77859
54.77858,52.58068
52.58059,54.48478
54.48475,55.27331
55.27322,59.06345
59.06342,62.79073
62.79068,68.09181
68.0918,73.24062
73.24059,78.45313
116.7975,81.10439
78.45313,84.9609
84.96089,86.47092
86.47092,89.15723
113.4848,89.06553
89.06557,89.29752
89.15725,88.44456
88.4446,87.8807
87.8807,87.15411
109.3613,85.4427
87.15418,83.37299
106.901,80.66448
83.37305,78.42052
78.42054,75.44602
103.3043,73.65859
73.65862,71.49221
75.44599,71.15396
97.66142,68.99226
71.15396,71.09423
94.92768,69.40698
71.09423,71.2388
91.52869,69.61564
69.61559,70.89481
1872.536,96.82713
101.5212,98.16934
98.16915,96.75447
96.75429,96.65654
96.65612,95.54665
96.82582,93.28868
102.7696,92.89911
92.89951,88.96895
88.96873,87.88078
1486.679,73.42985
71.20409,174.2843
96.29862,216.4121
195.4138,223.9896
145.2747,132.9724
59.14962,139.1118
2599.692,132.3252
12.33915,92.60793
26.94331,89.63947
89.63758,95.62017
95.61922,69.9424
2.786969,66.12756
66.12575,58.10604
129.1863,73.60069
73.59936,63.42608
93.37422,76.5812
76.58023,72.46779
72.46751,79.58407
79.58364,84.55139
194.3574,109.5046
109.5041,118.77
2346.737,125.3034
125.3026,131.8391
131.8384,133.9
133.899,134.6034
134.6025,135.9536
135.9527,134.2313
134.2307,135.1742
135.1739,130.2537
130.254,130.9728
0,124.1959
1671.015,120.092
260.6241,122.9327
122.933,116.9193
116.9192,108.4878
108.4896,113.1308
113.1331,115.703
115.707,118.9989
119.0032,129.2035
129.208,129.3586
129.3633,145.7389
145.7429,140.7589
140.763,158.4897
158.4931,148.431
148.4345,164.2255
164.2286,151.0336
151.0368,163.6898
163.6928,149.0127
149.0158,158.569
158.5719,143.4483
383.1371,201.6382
3248.068,181.5845
181.5885,189.7775
189.7808,172.0195
172.0227,178.4637
178.466,162.276
162.278,167.746
167.7471,154.3415
154.3423,159.6938
159.694,149.248
149.2478,155.6738
155.6732,149.4418
149.4406,157.1675
157.1663,152.0414
152.039,159.0019
159.0006,156.787
156.7821,164.4249
0,163.8467
163.8314,170.2331
170.2182,170.8987
369.4843,264.9374
264.8972,268.0798
268.019,276.097
276.0491,282.7245
282.6723,287.3425
287.307,294.8045
294.7784,293.71
2201.218,198.4237
0,118.5168
0,127.4899
35.9685,148.0033
147.979,162.1643
46.27951,192.1061
171.825,194.5974
396.4913,190.5126
161.4972,113.9511
132.376,122.3933
98.97246,199.015
283.6968,169.495
907.9233,186.9553
662.0207,126.0903
1.087242,155.3916
335.3498,154.9413
154.9412,155.2804
346.9903,150.3456
150.3452,140.6535
140.6532,131.6186
194.8446,127.4986
131.6166,123.3587
123.3562,116.9975
183.0607,102.8765
127.6275,83.96521
145.105,66.52802
66.52768,64.24069
64.24142,58.92487
58.93042,56.55343
56.55726,51.47526
323.7919,51.12109
51.1212,47.6031
220.7289,49.2689
1077.242,47.43951
179.8484,49.45198
47.41493,50.05005
172.322,53.88272
53.8696,58.42196
58.41936,65.35051
2098.595,77.5952
77.59487,87.35064
87.35134,93.1339
93.13388,89.42818
57.40978,80.82017
80.82015,76.44195
76.44225,67.06136
67.06145,64.91811
64.9184,57.50166
57.50156,56.44807
56.44822,52.07478
52.07456,52.01097
52.01106,50.70233
50.70194,51.16039
51.16042,51.90887
51.90825,52.54844
52.54839,55.0415
55.04044,55.65752
55.65736,58.33483
229.5734,68.6345
68.63429,71.09138
71.0888,71.29618
147.1626,86.80251
121.2285,107.5501
305.9247,142.5133
142.5062,137.6008
137.6066,131.2455
107.6296,95.27576
95.28149,273.4896
1843.213,391.5885
371.5779,349.6286
349.6181,285.1895
269.7154,209.6741
71.33155,120.9163
804.9388,140.596
218.5688,109.5311
100.5168,107.3202
1584.902,117.5844
117.5837,92.14893
2041.523,75.14813
0,63.34885
1793.034,60.19236
60.193,62.08935
62.08958,63.52671
63.52677,63.66251
63.66253,64.19163
64.19176,66.12557
66.12601,66.30944
66.30992,69.143
69.14375,67.75234
67.75316,71.2258
1176.801,69.18977
0,71.33221
0,59.6535
59.65429,62.42187
62.42273,58.75912
1831.034,58.81474
2865.178,56.73626
57.35126,58.54209
58.54338,58.09801
58.09899,61.53904
74.56679,55.14617
55.14644,59.72844
2961.573,59.80809
3281.547,72.02793
72.0275,72.08676
72.0868,76.43317
76.43309,74.65955
330.1177,86.1942
88.58366,84.84464
1439.991,85.33266
2573.843,82.87728
227.9729,101.5342
101.5294,96.53568
96.53712,99.14561
99.13772,99.6646
99.66508,104.8237
104.8177,105.245
105.2453,111.6507
111.6458,111.5448
111.5448,119.8779
119.8744,118.3518
118.3519,127.3054
127.303,124.1291
124.1292,130.8154
130.8139,125.4091
125.4094,128.0801
128.0793,120.8839
120.8841,119.7304
554.2483,134.0286
134.0287,129.47
129.4699,119.3613
119.3614,112.9584
112.9585,103.5917
142.9518,101.9256
2092.757,110.13
110.13,102.7331
320.3641,108.2798
272.994,104.2496
109.0288,103.3407
104.2533,112.827
389.5,114.9045
114.9266,125.6752
125.6881,125.8064
125.8191,136.0552
136.0633,130.4849
130.4872,135.6241
135.6281,128.6362
128.6338,131.7654
131.7679,125.1034
125.0995,126.5841
126.5286,120.4044
1630.811,104.5225
104.4415,135.5164
135.3899,176.0282
175.9832,224.5933
224.5853,211.5675
127.2031,103.0473
103.0514,133.5109
133.5154,114.7921
63.57188,130.7172
62.10456,131.6718
131.6717,103.8662
103.8662,92.9305
92.9304,89.73555
89.73553,76.76329
2206.96,62.79074
62.79077,51.87223
139.1577,51.74913
177.5608,45.61897
45.61905,43.45842
51.74927,39.13037
39.13047,39.65774
39.65774,36.97938
186.2379,41.56359
36.97938,41.61202
51.87207,45.1001
45.10003,48.49623
0,69.40642
69.40648,77.88009
77.88045,84.87119
0.3605663,90.81712
45.80494,97.96619
97.96603,95.11866
95.11851,98.22158
98.22137,96.80201
96.80197,94.0015
94.00115,92.49249
92.49245,86.98133
86.98095,84.91473
29.58189,78.60233
78.60253,76.86985
76.87048,71.78596
71.78694,71.13935
4.384727,72.17999
129.6378,72.57247
72.57417,64.13918
64.14009,66.74038
66.74132,63.21113
63.21164,67.08421
67.08488,66.19282
66.19315,70.80606
1370.962,69.08711
69.08724,73.51826
176.2416,70.01839
73.51872,72.69079
72.691,71.00977
71.00977,77.40646
77.40642,79.04025
176.6718,81.911
81.911,77.67017
79.0403,78.57301
177.5041,77.11532
78.57301,78.29192
178.0695,75.09601
75.09633,74.90715
78.29218,73.0686
178.4665,73.34505
73.34533,72.53783
72.53823,70.99648
70.99677,69.9416
69.94196,67.90266
73.07085,67.93369
67.93401,65.61015
179.3012,66.91361
66.91405,65.30138
65.61118,68.85151
178.5638,67.93484
67.93633,72.49825
68.85447,70.89705
1.718794,87.73292
87.73574,84.7504
303.3851,104.927
165.0733,100.8046
100.8097,101.9491
104.9352,99.22751
170.4423,100.5276
99.23404,99.11013
1974.81,84.22711
88.77792,107.4378
107.4484,255.419
190.6471,263.2547
255.4451,186.9672
301.3631,129.5034
129.4897,161.2856
179.0396,178.1545
161.2583,121.5949
121.5802,98.28484
98.28103,108.2417
108.2403,101.2548
3911.1,64.15999
2849.095,57.15903
57.15974,71.67094
71.66691,71.28496
71.28283,72.66371
85.58184,80.42168
80.42103,70.44225
3042.938,72.7551
9.761058,67.45171
138.743,74.77876
74.77906,73.21069
73.21088,74.41708
74.41729,72.54572
72.54578,73.26852
188.2024,81.9762
389.3653,96.18049
3400.586,93.8603
96.18021,95.77906
341.6668,106.9382
106.936,108.6485
108.6475,104.3936
104.3902,105.2533
105.2516,101.9761
101.9717,103.1267
142.1744,121.6691
4367.351,122.655
113.9861,119.7054
119.6995,118.7843
118.7808,115.0888
115.0835,115.0075
115.0047,115.785
115.7818,116.2033
116.2015,118.8805
1967.448,117.1495
118.8771,119.6396
119.6386,116.5014
2230.447,112.7719
112.77,96.04265
96.03945,82.7835
189.819,99.41203
99.40921,95.74615
37.56131,102.251
95.74725,126.0949
126.0967,116.4912
116.4912,108.2559
91.63363,109.7952
108.2579,144.907
345.1581,146.139
4589.232,166.097
166.1032,153.6174
153.62,151.1867
151.1928,140.1386
140.1407,138.6537
0,130.7519
130.7533,126.9135
126.9169,121.625
121.6256,119.2765
119.2796,115.502
115.5019,118.3011
0,115.0442
115.0437,119.8214
0,115.5376
115.5368,118.4927
118.4948,114.8779
114.8768,117.0881
2383.624,78.42274
78.40906,111.5039
66.51699,229.7103
644.9881,164.9715
2677.763,121.6822
149.019,146.0318
121.6792,138.9903
138.9889,132.22
132.2205,111.0405
111.0409,93.18917
93.18935,91.5209
0.2809811,95.5368
133.9975,80.32288
80.32271,73.78687
73.78651,65.79142
65.79147,62.35306
62.35273,54.95262
54.95264,55.68739
106.4803,51.85277
55.68674,58.05447
58.05384,55.48961
55.4895,64.87135
89.25868,54.65499
54.65502,65.7627
41.16481,70.87459
70.87455,84.42661
84.42657,80.95728
80.95722,88.29395
88.29389,84.15456
84.15453,85.67517
112.2029,93.33549
93.33546,90.4566
90.45638,86.2765
153.7142,80.4921
86.27645,77.27193
77.27191,71.00539
71.00515,70.16898
70.16898,67.04053
67.04044,66.78149
66.78149,66.77595
66.77592,68.18511
68.1851,69.74143
69.74141,71.77937
71.77937,72.8531
72.85308,74.67476
74.67477,74.46385
74.46384,75.80496
75.80496,74.53022
74.53028,75.33724
75.33725,73.70358
73.70377,74.12476
74.12481,72.72356
72.7239,72.8822
72.8823,72.3393
163.1696,71.57489
72.34026,72.50234
72.50291,71.97292
71.9731,74.16399
74.16434,73.18949
73.18964,75.08765
158.1206,73.1552
75.08829,75.31772
75.31804,73.07728
73.07742,76.22952
153.7193,74.80733
74.80762,78.07355
78.07384,76.37555
76.23057,79.73966
150.2116,78.10489
78.10532,81.65479
28.21675,111.3716
111.3719,114.7601
114.7601,111.731
111.7312,115.0558
115.0558,112.8059
112.8059,115.7158
115.7159,113.6831
113.683,116.0817
116.0818,114.3534
114.3534,115.4052
115.4052,113.6211
113.6211,112.3924
81.67486,81.81692
244.6499,116.0105
338.6151,287.7878
287.7845,271.5775
271.5787,159.5944
159.6009,137.2314
137.2209,170.1285
170.1289,151.8837
151.878,119.5865
119.5856,105.885
2721.973,55.87849
55.87809,69.94831
69.94635,69.59875
69.59696,69.86546
69.86441,69.49375
103.6155,65.57906
175.1998,68.93823
