rfootrx,rfootrz,rtibiarx,Left GRF,Right GRF,OSL_phase
-0.5065536,0.1095659,1.095322,83.79325,0,0
-0.5154859,0.1082015,1.099229,83.59785,0,0
-0.522655,0.1068729,1.10304,85.18803,0,0
-0.5302614,0.1058159,1.103513,84.7005,0,1
-0.5374027,0.1045428,1.103508,85.26105,0,1
-0.5438823,0.1037361,1.100195,84.16347,0,1
-0.5506958,0.1024894,1.095967,83.57276,0,1
-0.5559211,0.1018287,1.088575,81.42513,0,1
-0.5620866,0.1006435,1.079867,79.71397,0,1
-0.5657603,0.099957,1.068265,76.92904,0,1
-0.5709279,0.09889657,1.055056,74.89193,0,1
-0.5729871,0.09814768,1.039146,73.6842,0,1
-0.5770058,0.09727839,1.021486,72.49347,0,1
-0.5775033,0.09655236,1.001193,75.09343,0,1
-0.5804082,0.09593593,0.9792033,74.27602,0,1
-0.5794054,0.09514841,0.9547845,92.21589,0,1
-0.5814075,0.09482574,0.9291664,91.0819,0,1
-0.5786613,0.09430753,0.9014801,96.67678,0,1
-0.5798069,0.0943794,0.8728578,94.52478,0,1
-0.5753416,0.0943213,0.8425765,119.0498,0,1
-0.5740891,0.09487182,0.8115264,115.6952,0,2
-0.567947,0.09528533,0.7794747,120.3885,0,2
-0.5664495,0.09629752,0.7469363,116.9627,0,2
-0.5594413,0.09704506,0.714197,151.1751,0,2
-0.5576435,0.09837902,0.6814156,147.1806,0,2
-0.5501249,0.09923746,0.6491449,151.9036,0,2
-0.5481477,0.1006492,0.6173418,148.2171,0,2
-0.5405847,0.1012406,0.5867622,152.37,0,2
-0.5385528,0.1023906,0.5570929,148.6106,0,2
-0.5311239,0.102324,0.5292172,151.4566,0,2
-0.5286667,0.1027935,0.5026552,147.6333,0,2
-0.5206259,0.1014563,0.4783065,148.5718,0,2
-0.5172548,0.1010985,0.4556729,144.4278,0,2
-0.5080832,0.09869838,0.4353449,142.9852,0,2
-0.5034308,0.09759259,0.4169427,138.5124,0,2
-0.4925452,0.09385918,0.4007198,179.4232,0,2
-0.4863194,0.09183542,0.3866634,173.2704,0,2
-0.4731913,0.08684885,0.3742816,164.1048,0,3
-0.4651307,0.0837933,0.3641873,157.7872,0,3
-0.4496917,0.07756902,0.3550956,144.8846,0,3
-0.4398271,0.07342872,0.3484137,138.4464,0,3
-0.4217564,0.06614147,0.3420321,123.3483,0,3
-0.410276,0.06102406,0.3382422,117.3122,0,3
-0.3948181,0.05390535,0.3357168,105.2726,5.461814,3
-0.3757672,0.04855188,0.3406332,104.277,119.2249,3
-0.325537,0.04391897,0.3595176,82.51837,619.3339,3
-0.3001478,0.04039831,0.3920084,79.05319,576.421,3
-0.2999234,0.03549293,0.412466,60.82615,183.4222,3
-0.2902327,0.03047474,0.4249283,52.49701,184.6423,3
-0.2788385,0.02748534,0.4398238,43.89591,335.4765,3
-0.2714191,0.0246949,0.45621,36.57838,334.3569,3
-0.2695189,0.02332886,0.4705063,38.283,291.3327,3
-0.2673014,0.02155532,0.4827436,17.04603,283.1994,3
-0.266877,0.0212239,0.4946217,15.11119,318.0587,3
-0.2711532,0.02026763,0.5056815,8.560102,153.8251,0
-0.2767981,0.01997601,0.5155855,16.82324,157.5647,0
-0.2856321,0.01852641,0.5239938,18.0452,88.37051,0
-0.297899,0.01715865,0.532529,35.27836,97.77698,0
-0.3117352,0.01557705,0.5388804,26.262,90.428,0
-0.3256922,0.01450066,0.5450841,21.3678,96.97645,0
-0.3385742,0.0137123,0.5485908,8.893443,88.69871,0
-0.3502197,0.01320667,0.5520554,11.11424,96.33588,0
-0.3612723,0.01286245,0.5529321,5.391289,89.02728,0
-0.3722984,0.01276289,0.5538963,5.73226,95.22624,0
-0.3824849,0.01276279,0.5523624,3.811154,86.81189,0
-0.3929522,0.0129509,0.5513039,5.110218,91.6076,0
-0.4023412,0.01330081,0.5479524,4.361291,83.29995,0
-0.4119514,0.01379328,0.5455741,6.260394,89.34884,0
-0.4206548,0.01446967,0.5410888,5.438526,81.5303,0
-0.4295853,0.01521988,0.5378556,6.674363,88.90749,0
-0.4377751,0.01620458,0.532594,4.989264,81.48843,0
-0.445633,0.01720305,0.5285013,5.036869,89.92461,1
-0.452603,0.01846957,0.5223122,6.947637,83.49605,1
-0.460831,0.0197517,0.5173553,7.080276,90.72777,1
-0.4683996,0.02135803,0.5103607,5.34765,84.08929,1
-0.4749323,0.02288426,0.5043116,6.08697,91.84771,1
-0.4812829,0.0247736,0.4963544,4.805835,84.90247,1
-0.4870639,0.02656053,0.4891729,5.029022,91.64726,1
-0.4926683,0.0287724,0.4801726,3.129589,85.63544,1
-0.4975603,0.03092871,0.4719238,2.051166,90.88216,1
-0.5022684,0.03363547,0.4619883,0.3481225,84.93441,1
-0.5066005,0.03637238,0.4528088,0,88.18885,1
-0.5103254,0.03983042,0.4420495,0,83.26715,1
-0.513454,0.04333152,0.4322526,0,86.03308,1
-0.5167618,0.04771061,0.4212144,0,81.09511,1
-0.5192467,0.05213924,0.4109784,0,83.3085,1
-0.5220302,0.05745749,0.3997848,0,79.45795,1
-0.5240183,0.06278496,0.3893666,0,81.08155,1
-0.5264062,0.0689729,0.3781762,0,77.74907,1
-0.5279464,0.07508106,0.367752,0,78.604,1
-0.5300004,0.08196428,0.3567306,0,75.63857,1
-0.5311554,0.08867265,0.3466188,0,75.03899,1
-0.532929,0.09601732,0.3361807,0,72.42455,1
-0.5337471,0.1030689,0.3267994,0,71.58418,1
-0.5355046,0.110565,0.3174138,0,69.75922,1
-0.5362239,0.1175632,0.3090941,0,70.45991,1
-0.538137,0.1247758,0.3009972,0,69.21486,1
-0.5389386,0.1312167,0.2938737,0,72.07806,1
-0.5410038,0.1376266,0.287082,0,71.00961,1
-0.5418674,0.1428988,0.2811522,0,75.78284,1
-0.5438726,0.1477852,0.2756249,0,74.62999,1
-0.5445961,0.1513166,0.2708475,0,79.93249,1
-0.5462255,0.1544138,0.2664557,0,91.69428,1
-0.5470031,0.1563971,0.262798,0,94.4771,1
-0.5479923,0.1580902,0.259379,0,93.34848,1
-0.547834,0.1589253,0.2565709,0,97.51902,1
-0.5479606,0.1596696,0.2540415,0,96.3537,1
-0.5456613,0.1597878,0.2516557,0,126.4922,1
-0.5451412,0.1601959,0.250031,0,116.1619,1
-0.5426484,0.1601474,0.249064,0,116.8384,1
-0.5406086,0.1601372,0.2487273,0,112.478,1
-0.5379729,0.1598236,0.2494639,0,110.9719,1
-0.5361632,0.1594471,0.2508985,0,106.6126,1
-0.5334218,0.1586318,0.2533316,0,105.2219,1
-0.5312687,0.1574711,0.2566926,0,102.3766,1
-0.5280927,0.1557205,0.2610756,0,102.7349,1
-0.5252414,0.1535221,0.2666164,0,101.3944,1
-0.5212183,0.1507717,0.2731708,0,102.6806,1
-0.51727,0.1476394,0.2810341,0,102.0236,1
-0.5119334,0.1440881,0.2899203,0,103.3343,1
-0.5064367,0.1403079,0.3001885,0,102.8801,1
-0.4991089,0.1362053,0.3115762,0,104.1448,1
-0.4904605,0.1318887,0.3241658,0,136.2615,1
-0.481272,0.1274297,0.3388172,0,127.9189,1
-0.470344,0.1228952,0.3551205,0,126.3073,1
-0.4579492,0.1181214,0.3734326,4.005171,164.3432,1
-0.4445355,0.1133938,0.3936496,34.39259,162.6968,1
-0.429437,0.1082458,0.4158124,171.9441,155.2721,1
-0.4121404,0.1028771,0.4400147,469.286,152.0403,1
-0.391809,0.09562849,0.465037,319.9613,133.6689,1
-0.3674656,0.09031117,0.4900643,197.8403,124.1909,1
-0.3424462,0.08509368,0.5126361,119.3875,112.953,1
-0.3161721,0.08193095,0.5344865,93.29114,108.2008,1
-0.2901452,0.07783356,0.5551958,96.08842,77.42302,1
-0.2607974,0.07442234,0.5750391,79.98133,70.75436,1
-0.2325267,0.06928086,0.5964702,69.81345,46.30091,1
-0.2028359,0.06387273,0.618356,64.77336,34.32585,1
-0.1802124,0.05731342,0.6420782,68.37881,28.1993,1
-0.1600097,0.05120376,0.6653761,69.01092,16.10597,1
-0.1550464,0.04534649,0.6895242,70.75266,13.52008,1
-0.1464852,0.03959312,0.712438,69.11935,2.042506,1
-0.1548332,0.03443516,0.7376267,75.49332,1.491514,1
-0.1559373,0.02886404,0.7637546,76.46013,0,2
-0.1715871,0.02486356,0.7914477,83.05641,0,2
-0.1779355,0.01996914,0.8192081,82.27376,0,2
-0.1976537,0.01785859,0.8463511,84.7488,0,2
-0.2076735,0.01402205,0.8720257,82.70521,0,2
-0.2299514,0.013383,0.8963311,85.87257,0,2
-0.242552,0.01066282,0.918991,84.42066,0,2
-0.2661847,0.01102076,0.9400507,87.84452,0,2
-0.2804972,0.009149947,0.9597002,86.14909,0,2
-0.3044141,0.01031401,0.9770821,89.32384,0,2
-0.3196701,0.009566509,0.9927845,88.04284,0,2
-0.3430475,0.01138197,1.0057,90.29069,0,2
-0.3586438,0.01146882,1.017221,89.37263,0,2
-0.3808757,0.01371002,1.025867,90.44543,0,2
-0.3963456,0.01435465,1.033552,89.9969,0,2
-0.416928,0.01685811,1.038371,89.54345,0,2
-0.4318823,0.01783092,1.042537,89.36578,0,2
-0.4503941,0.02047644,1.04383,87.32563,0,2
-0.4644653,0.02159799,1.04458,87.24834,0,2
-0.4805864,0.02429965,1.042425,83.90948,0,2
-0.4934191,0.02545182,1.039682,83.81234,0,2
-0.5069392,0.02815133,1.033998,79.80966,0,2
-0.5182153,0.02927861,1.027596,79.67227,0,2
-0.5287214,0.03180535,1.01834,74.50294,0,3
-0.5380691,0.03289315,1.008241,73.71841,0,3
-0.545353,0.03510829,0.995488,67.9601,0,3
-0.5525897,0.03621653,0.9818308,67.09625,0,3
-0.5568697,0.03820878,0.9655595,63.29877,0,3
-0.5620929,0.03944701,0.9483492,63.15781,0,3
-0.5636859,0.04140455,0.9284183,63.18781,0,3
-0.5671547,0.04288079,0.907564,63.72368,0,3
-0.566308,0.04501157,0.8840303,67.41984,0,3
-0.5682887,0.04686538,0.8596904,68.01215,0,3
-0.5651647,0.04933934,0.8330076,103.5962,0,3
-0.5658453,0.05171962,0.805745,103.6154,0,3
-0.5605865,0.0547095,0.7766913,112.2727,0,3
-0.5600972,0.05771256,0.747239,110.8147,0,3
-0.5530543,0.061274,0.7166481,118.7368,0,3
-0.5515736,0.06488679,0.6858441,116.7739,0,3
-0.5432889,0.06874261,0.6546316,155.463,0,3
-0.5411093,0.07276303,0.6235862,152.6566,0,3
-0.5321168,0.07667875,0.5928149,161.4832,0,3
-0.5295516,0.08076447,0.5626221,157.9611,0,3
-0.5204399,0.08426836,0.5332802,163.7808,0,3
-0.5177624,0.08780956,0.5048981,158.479,0,3
-0.5089112,0.0899847,0.477919,213.8826,0,3
-0.5058647,0.09204189,0.4527437,204.2461,0,3
-0.4964576,0.09211931,0.4300219,203.0985,0,3
-0.4924801,0.0924921,0.4101693,146.0113,0,3
-0.481946,0.09049322,0.393178,194.4144,0,3
-0.476849,0.08934528,0.3792457,189.2925,0,3
-0.4643838,0.0854335,0.3671584,190.1676,0,3
-0.457835,0.08300202,0.3579038,186.5638,0,3
-0.4431229,0.0773503,0.3495787,187.3656,0,3
-0.4348589,0.07385765,0.3438962,184.9561,0,3
-0.4185302,0.06707302,0.3384572,183.0788,0,3
-0.4087344,0.06269625,0.3354517,181.0139,0,3
-0.3910531,0.05503953,0.3321971,175.4847,0,3
-0.3800041,0.04982372,0.331204,173.5387,0,3
-0.3611199,0.04144281,0.3297394,246.0863,0,3
-0.3491349,0.03551906,0.3304782,243.1176,0,3
-0.3287633,0.02682635,0.3302462,223.4248,0,3
-0.3160839,0.02044669,0.3321168,220.1175,0,3
-0.3028673,0.01298901,0.3344606,201.7556,0.1289616,3
-0.2922134,0.00740007,0.3389729,205.3452,15.33616,3
-0.2635593,0.003041373,0.3463385,164.2765,240.8171,3
-0.231173,-0.00250076,0.3691601,159.7983,548.1902,0
-0.2137665,-0.007163273,0.3974293,133.6844,429.302,0
-0.2138364,-0.01284976,0.4158572,116.689,142.138,0
-0.2088575,-0.01578653,0.4289207,90.23236,148.4188,0
-0.2027738,-0.01952275,0.4427675,73.3462,126.3583,0
-0.2164064,-0.0239754,0.4610766,62.76431,107.3619,0
-0.2411412,-0.02838221,0.4782555,53.75939,96.68572,0
-0.2641371,-0.03202911,0.4921313,55.68809,82.94744,0
-0.2804188,-0.03486827,0.502529,29.59822,75.25306,0
-0.2969713,-0.0370445,0.5122938,26.52404,80.4379,0
-0.3125017,-0.03892812,0.5205659,10.91384,82.13247,0
-0.3281711,-0.0402648,0.5283509,13.42835,85.12539,0
-0.3419039,-0.04126855,0.5337403,16.77639,80.94906,0
-0.3558807,-0.04179872,0.539022,13.74033,88.1878,0
-0.3681534,-0.04196323,0.542044,9.512124,85.36216,0
-0.3807974,-0.0416257,0.5455541,13.45934,93.74408,0
-0.3917888,-0.04072691,0.5464529,7.881362,87.86508,0
-0.4030053,-0.03936762,0.5480422,8.258861,96.78088,1
-0.4130769,-0.03731063,0.5469666,7.671539,89.60793,1
-0.4233138,-0.0348428,0.5468021,6.320553,97.87449,1
-0.4322453,-0.03158959,0.5439292,1.810046,89.84489,1
-0.4413861,-0.02799712,0.5421683,0.9548465,97.17406,1
-0.4494238,-0.02357843,0.5377707,0,88.99055,1
-0.4575447,-0.01889401,0.5346454,0,95.74655,1
-0.4648031,-0.01343244,0.5290028,0,87.56649,1
-0.4719159,-0.007854442,0.5247114,0,93.88844,1
-0.478431,-0.001633662,0.5180612,0,86.14616,1
-0.4846562,0.004550109,0.512808,0,92.05903,1
-0.4904461,0.01124372,0.505348,0,84.88441,1
-0.4959252,0.01778763,0.4992857,0,90.15398,1
-0.5010773,0.02475313,0.4911765,0,83.60801,1
-0.5059054,0.03149934,0.4844064,0,88.13552,1
-0.5105163,0.03861349,0.4757763,0,82.29132,1
-0.5147941,0.04547086,0.468376,0,86.12631,1
-0.5189757,0.05265895,0.459322,0,81.02879,1
-0.5227913,0.05955696,0.4513482,0,84.22224,1
-0.5270307,0.0667586,0.4419824,0,91.95952,1
-0.5301999,0.07353732,0.4334523,0,95.30737,1
-0.5336908,0.08054249,0.4237438,0,90.80063,1
-0.5362679,0.0871053,0.4148194,0,93.84418,1
-0.5395979,0.09385869,0.4048926,0,89.52486,1
-0.5419936,0.1001451,0.3955054,0,91.05743,1
-0.5449409,0.1065304,0.3853307,0,87.26336,1
-0.5470836,0.1124399,0.3756849,0,88.46799,1
-0.5498152,0.1183543,0.3655396,0,85.32069,1
-0.551744,0.1237164,0.3559359,0,86.90165,1
-0.5543439,0.1289601,0.3461426,0,84.34766,1
-0.5560791,0.1334647,0.3369476,0,87.06858,1
-0.5585398,0.1375756,0.3279241,0,85.19062,1
-0.5599562,0.1405862,0.3196053,0,88.99133,1
-0.5621772,0.1429597,0.3117515,0,86.84783,1
-0.5632015,0.1442439,0.3046063,0,90.71917,1
-0.5641215,0.1449417,0.297931,0,94.08474,1
-0.5651949,0.1450202,0.292403,0,91.73569,1
-0.565806,0.1448943,0.2873555,0,91.01934,1
-0.5651557,0.1444114,0.283339,0,93.6601,1
-0.5651547,0.1441121,0.2800536,0,92.40806,1
-0.562623,0.1436173,0.2773662,0,119.2678,1
-0.5620325,0.1436709,0.2758126,0,109.1663,1
-0.55922,0.1435239,0.2753606,0,109.6223,1
-0.5571246,0.1434984,0.2758553,0,105.2776,1
-0.55415,0.1433287,0.2777753,0,104.8502,1
-0.5523535,0.1431317,0.2804759,0,100.7027,1
-0.5493942,0.1426113,0.2838407,0,101.0732,1
-0.5472023,0.1418305,0.2878246,0,98.6043,1
-0.5439434,0.140593,0.2919452,0,100.5104,1
-0.5411807,0.1390812,0.2966398,0,99.09544,1
-0.5373081,0.1371561,0.3012168,0,101.4253,1
-0.5337085,0.1350681,0.3064193,0,100.4917,1
-0.52887,0.1326634,0.3115779,0,102.4347,1
-0.5240794,0.1302418,0.3174704,0,101.6176,1
-0.5172648,0.1275694,0.3236007,0,134.4181,1
-0.5114962,0.1250564,0.3309906,0,125.2709,1
-0.5035335,0.1223299,0.3393823,0,124.5089,1
-0.4944147,0.1196854,0.3488007,7.518737,130.7879,1
-0.4852557,0.1167346,0.3593843,46.44986,171.1222,1
-0.4758792,0.1143295,0.3715427,250.4595,159.9748,1
-0.4641617,0.1104059,0.3852811,398.6207,148.34,1
-0.449284,0.1068692,0.4002876,243.5943,143.8616,1
-0.4323639,0.1030185,0.4173137,172.8646,119.4044,1
-0.411174,0.1003161,0.4350544,109.0686,121.5081,1
-0.3912809,0.09670242,0.4541357,93.01855,96.88796,2
-0.3684042,0.0943142,0.4732545,102.2826,91.89517,2
-0.3451011,0.09095596,0.4928529,90.9963,67.33432,2
-0.3192936,0.08863541,0.512337,74.40665,60.67592,2
-0.2941353,0.08514253,0.5335848,72.33049,39.70821,2
-0.2676377,0.08199494,0.5552439,73.74307,31.70677,2
-0.2458226,0.07783452,0.5789449,76.11214,25.61734,2
-0.224706,0.07392496,0.6024687,72.17308,17.36717,2
-0.2163159,0.0698588,0.6275725,72.78662,17.2264,2
-0.2050482,0.06576085,0.6510625,71.85036,3.903196,2
-0.2073623,0.0617651,0.675192,74.88183,2.443386,2
-0.2027238,0.05697749,0.699096,73.73782,0.01802382,2
-0.2121522,0.0531716,0.7241418,76.89932,0,2
-0.2131252,0.04825805,0.7493218,75.71958,0,2
-0.2278408,0.04509704,0.7754786,80.26208,0,2
-0.2336079,0.04065412,0.8015655,79.13883,0,2
-0.2520335,0.03837789,0.8278591,84.38071,0,2
-0.2614633,0.03470065,0.8538718,83.47556,0,2
-0.282007,0.03325919,0.879172,88.37408,0,2
-0.293915,0.0303812,0.9040105,87.27899,0,2
-0.3152184,0.02961503,0.9272762,90.95479,0,2
-0.3285593,0.02737385,0.9499142,89.93194,0,2
-0.3495591,0.02692579,0.9696754,92.04039,0,2
-0.3634891,0.02526266,0.9877892,91.08065,0,2
-0.3834999,0.02537588,1.002125,91.40929,0,2
-0.3974106,0.02435013,1.014736,90.38405,0,2
-0.4161139,0.0250037,1.023584,89.42732,0,2
-0.4296634,0.02452694,1.031148,88.57232,0,2
-0.4468764,0.02569138,1.035292,86.71972,0,2
-0.4598654,0.02565607,1.038638,86.01188,0,2
-0.4754083,0.02726758,1.038899,83.64265,0,2
-0.487648,0.02756144,1.038674,83.05475,0,2
-0.5013024,0.02951822,1.035564,80.49483,0,2
-0.5125479,0.03003986,1.032066,79.93709,0,2
-0.5240715,0.03222065,1.02574,77.48412,0,2
-0.5340062,0.03289177,1.018954,76.86173,0,3
-0.5429025,0.03507252,1.009381,73.79546,0,3
-0.5511699,0.0358353,0.9991925,72.5479,0,3
-0.5570105,0.0377861,0.9863196,68.73909,0,3
-0.5633065,0.03864265,0.9726925,67.12956,0,3
-0.5661446,0.04036564,0.9563766,64.67381,0,3
-0.5704654,0.04138593,0.9392205,63.57493,0,3
-0.5705701,0.04302872,0.9192607,64.43671,0,3
-0.573119,0.04429142,0.8984678,63.97395,0,3
-0.5707507,0.04602895,0.8749212,68.22657,0,3
-0.5717956,0.04764767,0.8506938,68.02987,0,3
-0.5671393,0.04966817,0.8240446,74.7328,0,3
-0.5668776,0.05178278,0.7969393,74.57401,0,3
-0.5602575,0.05425049,0.7680032,114.2127,0,3
-0.5588945,0.05695637,0.7388743,113.0665,0,3
-0.5507746,0.05992053,0.7086198,122.2146,0,3
-0.5485598,0.06322559,0.6784338,120.365,0,3
-0.5390542,0.06647273,0.6476836,128.7215,0,3
-0.5361357,0.07020569,0.6172739,125.5416,0,3
-0.5259765,0.07352206,0.5869014,130.8989,0,3
-0.5226896,0.07736687,0.5571769,157.3207,0,3
-0.5125411,0.08031126,0.5280116,160.2995,0,3
-0.5092195,0.08369581,0.4998405,153.3637,0,3
-0.4995175,0.08546788,0.4727489,154.8138,0,3
-0.4962783,0.08761539,0.4472107,149.3966,0,3
-0.4865703,0.08754167,0.4231499,151.1162,0,3
-0.4833313,0.087884,0.4015893,147.241,0,3
-0.4732584,0.08539627,0.3820922,150.1454,0,3
-0.4692601,0.08399305,0.3659643,147.1919,0,3
-0.4585483,0.07981966,0.3519464,149.1183,0,3
-0.4534535,0.07717133,0.3412883,146.601,0,3
-0.441421,0.07173888,0.3321553,195.179,0,3
-0.4348709,0.06823619,0.3258901,191.6675,0,3
-0.4208272,0.06179311,0.3202878,187.4112,0,3
-0.4125053,0.05758586,0.3170424,183.5917,0,3
-0.3965429,0.05026839,0.3141733,262.0674,0,3
-0.3865308,0.04530696,0.313485,255.735,0,3
-0.3683625,0.03715428,0.3127549,236.8107,0,3
-0.3567718,0.03143638,0.3141095,229.9051,0,3
-0.3363388,0.02270248,0.3151403,206.3942,0,3
-0.3234425,0.01638798,0.3182739,198.5398,0,3
-0.3004375,0.007627366,0.3204678,171.6065,0,3
-0.2864131,0.001001349,0.3246988,162.422,1.44487,3
-0.2615228,-0.006329837,0.3253936,138.7686,48.03483,3
-0.2095431,-0.0128516,0.3406556,135.0571,567.3737,3
-0.1889642,-0.01715523,0.3731437,123.2433,612.6381,0
-0.1905642,-0.0233236,0.3979762,122.6734,185.7132,0
-0.1883304,-0.02666598,0.415404,87.67833,141.0958,0
-0.1836187,-0.03027772,0.4321397,71.54357,154.9361,0
-0.1900026,-0.03414717,0.4522564,44.98217,122.871,0
-0.2133503,-0.03833422,0.4728265,46.76676,112.3858,0
-0.2395679,-0.04193401,0.4900503,46.99092,100.9297,0
-0.2572149,-0.04485841,0.5025003,22.45871,87.3757,0
-0.2740945,-0.04701885,0.5133864,24.50052,88.40974,0
-0.2897395,-0.04885725,0.5222115,16.53259,88.83934,0
-0.305961,-0.05009332,0.5305277,32.06598,89.24209,0
-0.3199532,-0.05080372,0.5362832,27.15344,83.48337,0
-0.3345661,-0.05092719,0.5422332,37.72449,87.97625,0
-0.3474236,-0.05043104,0.5460258,19.51307,84.32016,0
-0.3609781,-0.0494094,0.550437,16.11035,89.92052,0
-0.3728461,-0.04776024,0.5523961,7.356017,84.09843,0
-0.3852447,-0.04579961,0.5551142,14.20289,91.33665,0
-0.3959509,-0.04324988,0.555342,6.786132,86.1476,1
-0.4071186,-0.04045122,0.5565172,6.825036,93.81043,1
-0.417356,-0.03698213,0.5551429,2.75244,86.67937,1
-0.4276041,-0.03331382,0.554836,2.479448,94.33614,1
-0.4368466,-0.02888567,0.5519873,0.5594274,86.91881,1
-0.4460646,-0.02428677,0.5503961,0.4835917,94.40559,1
-0.4544777,-0.01892019,0.5462492,0.042772,86.77625,1
-0.4627338,-0.01348337,0.54344,0.1966158,94.09267,1
-0.4703097,-0.007381095,0.5381235,0.1290731,86.57809,1
-0.4776271,-0.001336473,0.5341773,0.6598303,93.39678,1
-0.4843734,0.005253656,0.5278147,0.7840781,86.17587,1
-0.4908159,0.01168273,0.5228171,1.380701,92.19994,1
-0.4967734,0.01857341,0.5155454,1.044253,85.42613,1
-0.5029491,0.02525743,0.5096474,0.6058145,105.6293,1
-0.5080091,0.03234728,0.5015585,0.01051361,99.5471,1
-0.5129858,0.03916541,0.4947837,0,103.6893,1
-0.5174295,0.04643045,0.4859276,0,97.06715,1
-0.5214297,0.05337809,0.4783529,0,99.9285,1
-0.5254001,0.06075671,0.4690919,0,94.50761,1
-0.5289138,0.0678592,0.4607543,0,94.86705,1
-0.5325332,0.07528067,0.4511413,0,90.5647,1
-0.5354952,0.08244028,0.4422426,0,89.09777,1
-0.5388657,0.08978529,0.4325691,0,86.34682,1
-0.5415565,0.09683269,0.4234766,0,84.3034,1
-0.5449278,0.1038962,0.41402,0,82.83109,1
-0.5475194,0.1105617,0.4050349,0,82.10365,1
-0.5511038,0.1171063,0.3959753,0,81.37154,1
-0.553798,0.1231251,0.3872264,0,83.05909,1
-0.5576583,0.1289505,0.3785233,0,82.39889,1
-0.5605413,0.1341493,0.3699588,0,86.43414,1
-0.5645639,0.1391563,0.3614568,0,85.3676,1
-0.5675395,0.1434926,0.352989,0,90.81191,1
-0.5714508,0.1476684,0.3445951,0,89.18319,1
-0.5742124,0.1510545,0.3362879,0,95.35297,1
-0.577613,0.1541828,0.3281422,0,93.09338,1
-0.5797883,0.1564705,0.3201937,0,98.47659,1
-0.5823515,0.1585199,0.3124852,0,96.01772,1
-0.5826909,0.1597246,0.3048818,0,126.917,1
-0.5845343,0.1610046,0.2979241,0,118.7476,1
-0.5840808,0.1616485,0.2915556,0,122.7169,1
-0.5835956,0.1624208,0.2858738,0,120.528,1
-0.5817524,0.162826,0.2814993,0,122.7267,1
-0.5784672,0.1633991,0.2777041,0,106.5946,1
-0.5742462,0.1637809,0.2755274,0,127.4974,1
-0.5706721,0.1646007,0.2745102,0,115.8469,1
-0.5653776,0.1650464,0.2751718,0,112.7104,1
-0.561117,0.1657256,0.2768324,0,107.1661,1
-0.5564286,0.1661114,0.2799572,0,103.7083,1
-0.552148,0.1664113,0.2837057,0,99.47447,1
-0.5465366,0.1662382,0.2885951,0,99.53333,1
-0.5413761,0.1657989,0.2942232,0,97.18528,1
-0.5343102,0.1647818,0.3001421,0,129.2549,1
-0.5287716,0.1636124,0.307032,0,119.0907,1
-0.5213278,0.1619415,0.3138406,0,120.5088,1
-0.5142483,0.1601425,0.3212437,0,118.7995,1
-0.5061733,0.1579884,0.3287835,0,119.7587,1
-0.4979035,0.1558013,0.3369249,0,118.3245,1
-0.488544,0.1532676,0.3456959,0,117.9806,1
-0.4779779,0.1506932,0.3551762,0.1703977,124.5141,1
-0.4675301,0.1477121,0.3652024,12.16254,163.9058,1
-0.4572252,0.1452507,0.3764507,73.19593,153.0227,1
-0.4452309,0.1418126,0.3894801,335.5169,144.276,1
-0.4307604,0.1378383,0.4044085,393.3553,141.1052,1
-0.4138797,0.1327556,0.4218292,212.9333,120.8279,1
-0.3928432,0.1291304,0.4397881,196.4751,112.9556,1
-0.3720354,0.1246151,0.4586547,93.42975,103.369,1
-0.3488722,0.121525,0.4773866,106.2694,96.75301,1
-0.3259237,0.1173834,0.4972222,98.32865,69.08578,2
-0.2997952,0.1141837,0.5165274,80.37904,59.21262,2
-0.2745156,0.1098114,0.5379432,72.00919,38.85509,2
-0.2478437,0.1056048,0.5598175,71.37302,29.5251,2
-0.2269207,0.1004886,0.5838427,74.29771,24.66982,2
-0.20693,0.09561194,0.6075557,71.94427,14.82684,2
-0.2005451,0.08997875,0.6326357,71.43604,14.12812,2
-0.1906929,0.08505349,0.6565251,70.07039,2.715485,2
-0.1952292,0.07985131,0.6812618,73.10427,1.447237,2
-0.1922175,0.07435692,0.7061597,72.92704,0.005961533,2
-0.2040092,0.06959242,0.7323262,76.94579,0,2
-0.2068038,0.0641252,0.7587427,76.26585,0,2
-0.2238647,0.06016715,0.7860654,81.55848,0,2
-0.2313994,0.05528031,0.8133266,80.95879,0,2
-0.2519656,0.05231157,0.8405882,86.63936,0,2
-0.2629856,0.04824192,0.8674675,86.04945,0,2
-0.2853459,0.04619634,0.8933537,90.64076,0,2
-0.2985995,0.04294461,0.9185611,89.67904,0,2
-0.3213555,0.04162617,0.9418993,92.6084,0,2
-0.3357869,0.03887542,0.9640803,91.52473,0,2
-0.3579144,0.03814242,0.9834076,92.76742,0,2
-0.3726804,0.03624118,1.001259,91.53983,0,2
-0.3935471,0.03620293,1.015867,91.18121,0,2
-0.4081011,0.03506266,1.029102,90.04269,0,2
-0.427377,0.03564756,1.039088,88.6353,0,2
-0.4413973,0.03512109,1.047956,87.68349,0,2
-0.4588836,0.03622515,1.053676,85.6041,0,2
-0.4721588,0.03615543,1.058492,84.87287,0,2
-0.487697,0.0376589,1.060232,82.46789,0,2
-0.5000234,0.03789971,1.061163,81.8927,0,2
-0.5134448,0.0396834,1.059029,79.4398,0,2
-0.5245824,0.04011992,1.056062,78.91253,0,2
-0.5356866,0.04207217,1.049994,76.60851,0,2
-0.5453651,0.04263671,1.042986,75.96838,0,2
-0.5535406,0.04450633,1.032947,72.47485,0,3
-0.5613436,0.04515724,1.021846,70.91379,0,3
-0.5664033,0.04679874,1.007844,67.00061,0,3
-0.5721679,0.04757774,0.9927248,65.48419,0,3
-0.5743171,0.04908868,0.9746684,63.82976,0,3
-0.5781521,0.05007479,0.9554974,63.06237,0,3
-0.5776697,0.05161297,0.9333438,65.03343,0,3
-0.5798296,0.05289447,0.9101979,64.8272,0,3
-0.5769541,0.05459536,0.8842753,98.08057,0,3
-0.5777012,0.05629475,0.8576537,81.61214,0,3
-0.5725786,0.05830376,0.828736,107.4133,0,3
-0.5720841,0.06053907,0.7994227,107.0894,0,3
-0.5648572,0.06310207,0.768349,117.2015,0,3
-0.5632314,0.06596079,0.737098,144.5872,0,3
-0.5543694,0.06904973,0.7048177,155.5731,0,3
-0.5518243,0.07247391,0.6726189,152.7988,0,3
-0.5419536,0.07585687,0.6401739,162.1059,0,3
-0.5388201,0.07963535,0.6081991,158.0105,0,3
-0.5286244,0.08296394,0.5766827,163.8811,0,3
-0.5252903,0.08670355,0.5460463,157.726,0,3
-0.5153618,0.08940634,0.5163962,159.8451,0,3
-0.5121214,0.09238837,0.4880255,152.6244,0,3
-0.5026179,0.09347948,0.4612064,153.0992,0,3
-0.499086,0.0948376,0.4366626,147.3013,0,3
-0.4891405,0.09383533,0.4147729,148.0473,0,3
-0.4848374,0.093537,0.3961678,144.0378,0,3
-0.4738127,0.09053908,0.38047,145.0071,0,3
-0.4684459,0.08889483,0.3680424,189.3373,0,3
-0.4554291,0.08421808,0.3572327,189.3629,0,3
-0.4486106,0.0814084,0.3492243,185.8468,0,3
-0.4331568,0.07511979,0.3416815,184.0296,0,3
-0.4245355,0.07125962,0.3366626,181.0549,0,3
-0.4073347,0.06393578,0.331417,175.7781,0,3
-0.3970744,0.05919464,0.3285011,259.5564,0,3
-0.3783531,0.05110785,0.3249391,245.9316,0,3
-0.3667176,0.04555386,0.3235875,242.0943,0,3
-0.3464558,0.03692817,0.3213927,223.2542,0,3
-0.3337023,0.03073657,0.3213828,219.465,0,3
-0.3115908,0.02199551,0.3202628,196.1509,0,3
-0.2979218,0.01544108,0.3213124,191.8896,0.2597879,3
-0.2756991,0.007382378,0.3201262,168.856,23.60378,3
-0.2357281,0.001208295,0.3297512,169.3057,392.3361,3
-0.2105244,-0.00380523,0.3561417,154.484,596.1851,0
-0.2043479,-0.009723628,0.3815053,155.7471,285.1161,0
-0.2041478,-0.0139002,0.3993234,113.5321,148.3813,0
-0.1995668,-0.01815785,0.4136162,100.0122,179.9427,0
-0.190292,-0.02077707,0.4289446,70.06797,174.404,0
-0.1974208,-0.02514299,0.4466091,50.85338,101.3392,0
-0.2202255,-0.02944702,0.4644383,51.61445,112.9214,0
-0.2436447,-0.03359686,0.4788318,33.44015,101.7174,0
-0.260716,-0.03650125,0.4897704,31.75486,85.33559,0
-0.2748571,-0.0389647,0.4980428,14.32436,81.12532,0
-0.2910269,-0.04079428,0.5060816,19.16738,84.19418,0
-0.3053184,-0.04226056,0.5122821,14.64653,80.28687,0
-0.3200792,-0.04311857,0.5184539,29.28787,80.99414,0
-0.332986,-0.04356786,0.5225637,23.04656,76.84602,0
-0.3467512,-0.04353486,0.5274557,29.29714,83.89473,0
-0.3589674,-0.0429914,0.5303867,14.22337,80.0437,0
-0.3718575,-0.04204254,0.5341564,11.5503,87.57027,0
-0.3832434,-0.04057053,0.5355662,9.907037,82.13496,1
-0.3951946,-0.03885069,0.5378416,8.252938,90.68529,1
-0.4056537,-0.03658296,0.5376351,2.924387,84.99924,1
-0.4165851,-0.03411436,0.5384991,2.291051,93.71301,1
-0.4260987,-0.03101198,0.5367091,0.2815495,86.90176,1
-0.4360394,-0.02771826,0.5361605,0.07643621,95.42725,1
-0.4446453,-0.02370588,0.532881,0,87.95277,1
-0.453616,-0.0195114,0.5309597,0,95.79067,1
-0.4613479,-0.01460707,0.5262842,0,87.86065,1
-0.4693454,-0.009614978,0.5230299,0,94.90696,1
-0.4762273,-0.004011156,0.517101,0,87.09598,1
-0.4832942,0.001567315,0.512654,0,93.31846,1
-0.489387,0.007656456,0.5056741,0,85.84989,1
-0.4956106,0.01362861,0.500201,0,91.18229,1
-0.5010138,0.02004643,0.4923958,0,84.28415,1
-0.5065069,0.02628869,0.4860631,0,88.76019,1
-0.5113509,0.03294082,0.477645,0,82.65075,1
-0.5162241,0.03938046,0.4705987,0,86.45513,1
-0.5206404,0.04620448,0.4617352,0,81.25183,1
-0.5249736,0.05277777,0.454072,0,84.5303,1
-0.5290279,0.05968627,0.444813,0,80.09016,1
-0.5327083,0.06623287,0.4364305,0,97.02615,1
-0.5363698,0.07310881,0.4266429,0,92.64219,1
-0.5393302,0.07958167,0.4177923,0,95.24143,1
-0.5426627,0.08634999,0.4078233,0,90.81422,1
-0.5452974,0.09270518,0.3984732,0,91.43777,1
-0.5483075,0.09922055,0.3882614,0,87.59721,1
-0.5506282,0.1052899,0.3785988,0,87.93993,1
-0.553451,0.1113967,0.3684197,0,84.97604,1
-0.5555688,0.1169746,0.3587929,0,86.00628,1
-0.5583113,0.122465,0.3489674,0,83.77295,1
-0.5603088,0.1273084,0.3397099,0,85.81264,1
-0.5630016,0.1319215,0.3305424,0,84.17927,1
-0.5647691,0.1355551,0.322062,0,88.04546,1
-0.5671936,0.138595,0.3139962,0,86.66306,1
-0.56857,0.1405293,0.3066625,0,90.31123,1
-0.570452,0.1418528,0.2998685,0,77.07278,1
-0.5709482,0.1422424,0.2938584,0,81.19254,1
-0.5723988,0.1423642,0.2886202,0,91.62597,1
-0.5720756,0.1419499,0.2842222,0,94.51991,1
-0.5722472,0.1415834,0.2805792,0,93.36228,1
-0.5708506,0.1409796,0.2779447,0,95.38369,1
-0.5687169,0.1405278,0.2758339,0,120.0578,1
-0.5666732,0.1401057,0.2753287,0,112.368,1
-0.5644317,0.1398723,0.2755007,0,109.1263,1
-0.5613099,0.1394817,0.2769803,0,106.8487,1
-0.5594475,0.1392055,0.2792628,0,102.8979,1
-0.5568215,0.1386279,0.2825855,0,101.4635,1
-0.5546651,0.1378662,0.2867343,0,98.84396,1
-0.5515875,0.1366447,0.2919481,0,99.00606,1
-0.5488524,0.1351376,0.2982164,0,98.09753,1
-0.5449792,0.1331743,0.3054761,0,99.34932,1
-0.5411873,0.1309928,0.3138823,0,98.96369,1
-0.5358837,0.1284206,0.3230777,0,100.1694,1
-0.5303411,0.1256242,0.3332932,0,99.14851,1
-0.5222269,0.1225151,0.3442789,0,132.7431,1
-0.5151179,0.1193794,0.3565596,0,122.8869,1
-0.5054499,0.1160515,0.3695618,0.7282112,121.4632,1
-0.4945402,0.1127167,0.3832744,15.53513,126.8165,1
-0.4836128,0.10919,0.3972859,87.16009,165.3488,1
-0.472215,0.1061068,0.4121978,390.0535,152.9377,1
-0.4579886,0.1013058,0.4269553,362.1592,139.4595,1
-0.4408979,0.09785837,0.441565,196.2563,133.1362,1
-0.4225443,0.0944069,0.4541596,96.43808,124.4391,1
-0.4032217,0.09274101,0.4663275,76.38963,120.8512,1
-0.3844319,0.09014775,0.4788221,96.49559,87.23581,1
-0.3617176,0.08863308,0.490914,86.77242,86.81227,1
-0.3389725,0.08586887,0.5057802,77.51961,63.01904,1
-0.3139894,0.08364688,0.5216856,70.83023,55.61626,1
-0.2896592,0.08027649,0.5402089,74.71603,35.62593,1
-0.26423,0.07730286,0.5597696,74.17214,29.37397,1
-0.2433092,0.07355212,0.5817561,73.68443,24.32795,1
-0.2227578,0.07022795,0.6036751,70.49535,17.07838,1
-0.2136629,0.06694324,0.6275132,72.25536,17.57367,1
-0.2023742,0.06331681,0.6497017,72.07471,4.985541,1
-0.2044531,0.06007347,0.6728144,75.30998,3.954113,1
-0.2009268,0.05584716,0.6953487,74.58912,0.2722403,2
-0.2112175,0.05242814,0.7207482,81.53709,0.07944535,2
-0.2130729,0.047987,0.747104,81.52182,0,2
-0.2276987,0.04494854,0.7749531,87.37436,0,2
-0.2338482,0.04075833,0.80289,86.02702,0,2
-0.2511137,0.03887806,0.8298766,87.37523,0,2
-0.2601409,0.03532216,0.8556365,84.76828,0,2
-0.2791501,0.0343067,0.8797105,86.30037,0,2
-0.2902086,0.03149544,0.9025792,84.5518,0,2
-0.3101364,0.03103334,0.9236366,86.53605,0,2
-0.3225671,0.0288547,0.94392,85.0543,0,2
-0.3426294,0.02857878,0.9621506,87.28644,0,2
-0.3558482,0.02704828,0.979669,86.63978,0,2
-0.3753039,0.0273506,0.9945411,88.57864,0,2
-0.3887802,0.02652623,1.008754,88.26649,0,2
-0.4070824,0.02733322,1.020047,89.22497,0,2
-0.4203914,0.02707554,1.030827,89.20233,0,2
-0.4371517,0.02832739,1.038576,88.7597,0,2
-0.4499622,0.02848666,1.045864,88.66373,0,2
-0.4649303,0.03012705,1.050076,86.69055,0,2
-0.4769745,0.03056652,1.053748,86.3389,0,2
-0.490024,0.03252048,1.05434,83.17307,0,2
-0.5010657,0.03313151,1.054231,82.52506,0,2
-0.5121389,0.03530895,1.051059,78.87241,0,2
-0.5219615,0.0360181,1.047002,78.05763,0,2
-0.5308801,0.03826078,1.039949,74.15845,0,2
-0.539185,0.03902732,1.03185,73.03226,0,3
-0.5455374,0.04110574,1.020918,68.67269,0,3
-0.5521206,0.0419415,1.008831,67.18262,0,3
-0.5558969,0.04382043,0.9940029,64.14027,0,3
-0.5607207,0.04481022,0.9779674,63.11343,0,3
-0.5620921,0.04663409,0.9590948,63.45443,0,3
-0.5652971,0.04786437,0.9390216,63.11037,0,3
-0.5643979,0.04980133,0.9161,67.01063,0,3
-0.5662004,0.05137644,0.8921194,66.92281,0,3
-0.5631073,0.05360235,0.8655588,73.13885,0,3
-0.5636548,0.05565873,0.8381843,72.81239,0,3
-0.5584556,0.05831178,0.8087446,80.0552,0,3
-0.5578565,0.06095778,0.7787672,79.49023,0,3
-0.5507945,0.06407126,0.7473804,86.48476,0,3
-0.5491947,0.06731335,0.7157703,99.4592,0,3
-0.5407131,0.07078847,0.683478,106.795,0,3
-0.5383368,0.07449998,0.6513337,104.5696,0,3
-0.5290304,0.07810962,0.6192129,109.76,0,3
-0.5261913,0.08202209,0.5876536,106.1682,0,3
-0.5166935,0.08535401,0.5567349,163.0011,0,3
-0.5137462,0.08897006,0.5268079,155.777,0,3
-0.5045334,0.09130207,0.4979728,156.7319,0,3
-0.5016354,0.09373703,0.4706599,150.1279,0,3
-0.4924183,0.09415711,0.4453105,150.7582,0,3
-0.4888453,0.09490053,0.4227778,146.0251,0,3
-0.4789054,0.09318628,0.4031206,147.0853,0,3
-0.4743255,0.09234477,0.3869698,143.4848,0,3
-0.4630133,0.08881922,0.37352,143.8585,0,3
-0.4570646,0.08688907,0.3633703,140.7935,0,3
-0.4439327,0.08185672,0.3551221,139.1231,0,3
-0.4363771,0.07892352,0.3497815,136.2146,0,3
-0.4212382,0.07251411,0.3454979,131.7603,0,3
-0.4120025,0.06854966,0.3438193,128.9483,0,3
-0.3937985,0.06093203,0.3419898,161.5799,0,3
-0.3827071,0.05591517,0.3424858,157.5692,0,3
-0.3607811,0.0473034,0.3416148,143.4079,0,3
-0.3476094,0.04130267,0.342874,139.6794,0,3
-0.3229628,0.03228911,0.3421418,122.5332,0,3
-0.3081329,0.02565961,0.3434925,118.9168,0,3
-0.2816599,0.01812174,0.341875,101.3049,18.65588,3
-0.2410634,0.01276779,0.349006,99.47575,375.837,3
-0.1961791,0.007762512,0.3706864,85.76823,601.9327,3
-0.1797222,0.001321612,0.3970948,83.05365,421.6927,0
-0.1756979,-0.002860452,0.4140412,63.55923,108.3679,0
-0.1698402,-0.00784636,0.4262973,54.58885,103.08,0
-0.186057,-0.01270533,0.4443591,48.98812,132.5519,0
-0.2112987,-0.01686809,0.4618171,41.1357,123.0371,0
-0.2321861,-0.01984476,0.4740777,43.75154,89.94342,0
-0.2463045,-0.02228894,0.4818928,27.66783,77.24449,0
-0.2621888,-0.02417182,0.4894219,29.30418,83.41779,0
-0.2762037,-0.0259378,0.4958583,28.1412,84.52899,0
-0.2908643,-0.02719563,0.5023815,41.30438,82.27199,0
-0.3034452,-0.02834056,0.5066944,31.09588,74.49534,0
-0.3170621,-0.02915697,0.5115914,40.88081,79.21255,0
-0.328862,-0.02987119,0.5147285,23.27667,75.53242,0
-0.3414978,-0.03026958,0.5188733,21.98044,82.01158,0
-0.3526169,-0.03045506,0.5209164,10.48418,75.95549,0
-0.3644069,-0.0304019,0.5238695,10.26032,83.49577,0
-0.3748001,-0.03008031,0.5246907,5.171228,78.15047,0
-0.3852594,-0.02956079,0.5265333,5.276574,86.76781,1
-0.3952467,-0.02863609,0.5262524,4.773571,80.34035,1
-0.4052013,-0.02747273,0.5270721,4.131639,89.1866,1
-0.4144012,-0.0257701,0.5257123,0.9185008,82.67601,1
-0.4237065,-0.02380844,0.5255428,0.2998837,90.83498,1
-0.4321854,-0.02122938,0.5231061,0,84.09635,1
-0.4408607,-0.01840228,0.5219061,0,91.69189,1
-0.4487182,-0.01491966,0.5184237,0,84.97913,1
-0.4566966,-0.01125691,0.5161583,0,91.85545,1
-0.4639661,-0.007018112,0.5116102,0,85.22036,1
-0.4712457,-0.002730934,0.5082775,0,91.60845,1
-0.4778946,0.002020612,0.5026952,0,85.1817,1
-0.4844987,0.006703781,0.4983608,0,91.00063,1
-0.4905393,0.01178201,0.4918217,0,84.73441,1
-0.4965126,0.01671952,0.486562,0,89.90445,1
-0.5019856,0.02203628,0.4791915,0,83.895,1
-0.5073243,0.02717192,0.4730897,0,88.48553,1
-0.5123448,0.0327104,0.465046,0,82.85475,1
-0.5171133,0.03804582,0.4581917,0,86.97523,1
-0.5217704,0.04380843,0.4496171,0,81.82018,1
-0.5260158,0.04933752,0.4420847,0,85.43472,1
-0.5303767,0.05529825,0.433073,0,80.73238,1
-0.5341247,0.0609774,0.4249119,0,83.79224,1
-0.5381514,0.06705577,0.4155043,0,79.60763,1
-0.5415135,0.07281386,0.4068251,0,81.13158,1
-0.5451543,0.07886162,0.3971204,0,77.44746,1
-0.5478257,0.08448276,0.3880505,0,77.86839,1
-0.5511608,0.09029685,0.3782879,0,74.702,1
-0.5532774,0.09558722,0.3692293,0,75.272,1
-0.5564753,0.1009801,0.3598788,0,72.80429,1
-0.5585065,0.1057475,0.3512172,0,73.67362,1
-0.5615809,0.1104866,0.342553,0,71.77918,1
-0.5635755,0.1144982,0.3345946,0,73.63956,1
-0.5666321,0.1183031,0.3269013,0,72.50829,1
-0.5685192,0.1209967,0.319966,0,76.08015,1
-0.5714442,0.1231526,0.3135108,0,74.61158,1
-0.5731426,0.1241389,0.3076664,0,78.18456,1
-0.5758259,0.1246348,0.3023268,0,76.87901,1
-0.5771516,0.1242045,0.2974943,0,80.39544,1
-0.5792442,0.1235972,0.2931763,0,79.20961,1
-0.5800146,0.1225081,0.2893905,0,94.65988,1
-0.5811573,0.1215741,0.2861062,0,93.61179,1
-0.5807622,0.1204024,0.2835034,0,95.87196,1
-0.5796508,0.119461,0.2812913,0,120.9906,1
-0.5787023,0.1185129,0.2806151,0,112.8702,1
-0.5774355,0.1178335,0.2805513,0,110.1157,1
-0.5752791,0.1169445,0.2818749,0,107.6386,1
-0.5740526,0.1162797,0.2839284,0,104.2481,1
-0.57184,0.1152911,0.2870826,0,102.8836,1
-0.5699211,0.1141971,0.2908261,0,99.97344,1
-0.5667819,0.1126409,0.2956221,0,100.7187,1
-0.5639945,0.1108927,0.301094,0,99.15139,1
-0.5599496,0.1087035,0.3070904,0,100.7327,1
-0.5561128,0.1064305,0.3136895,0,99.87709,1
-0.5510778,0.1038821,0.3204646,0,101.3279,1
-0.5461149,0.1014765,0.327812,0,100.763,1
-0.540177,0.09890259,0.3333607,0.3616868,107.4721,1
-0.5348752,0.09746108,0.3389586,8.330214,108.2289,1
-0.5290456,0.09579536,0.3450042,41.47721,98.48309,1
-0.5216658,0.0949571,0.3520458,184.5042,98.631,1
-0.5128368,0.09277293,0.3622003,367.5316,94.21541,1
-0.4996921,0.09024084,0.374333,260.1184,160.8863,1
-0.4858175,0.08719733,0.389682,179.4304,128.6485,1
-0.4681776,0.08505139,0.4064316,208.9512,122.5021,1
-0.4498045,0.08175953,0.4256013,252.4945,99.19214,1
-0.4273875,0.07944414,0.445552,88.58296,102.9858,1
-0.4061412,0.07635994,0.4657535,88.38683,85.09064,1
-0.3825277,0.07455352,0.4856876,87.98236,81.06673,1
-0.3592677,0.07173326,0.5054586,77.95692,59.83073,1
-0.3340505,0.06958646,0.5250655,66.58026,54.05943,1
-0.3099909,0.0659873,0.5466512,66.39701,36.02144,1
-0.2847414,0.06235508,0.5688737,66.04783,28.40189,1
-0.26393,0.05750099,0.5933867,69.46081,22.88245,1
-0.2436209,0.05280681,0.6180693,67.80532,15.25971,1
-0.2345376,0.04886595,0.6443333,71.12048,14.7304,1
-0.2228309,0.04392001,0.6695222,70.82366,3.742435,1
-0.2236686,0.03991211,0.6951736,75.31669,2.572709,1
-0.2216394,0.03471298,0.7206334,75.03146,0.8012797,2
-0.2301979,0.03107412,0.7465324,79.5778,0.0456478,2
-0.2323293,0.0261561,0.772413,78.87689,0,2
-0.2457644,0.02332734,0.7984983,83.75852,0,2
-0.251797,0.01910254,0.8243616,82.79805,0,2
-0.2684427,0.01726125,0.8498423,87.45039,0,2
-0.2774987,0.01390358,0.8749169,86.00625,0,2
-0.2960066,0.01301463,0.8989252,90.1039,0,2
-0.3071424,0.01051177,0.922394,88.45068,0,2
-0.3264085,0.01037469,0.9441471,91.56708,0,2
-0.3388073,0.008402758,0.9650175,89.97357,0,2
-0.3579613,0.008856505,0.9832914,91.8811,0,2
-0.3709255,0.007748985,1.000434,90.39101,0,2
-0.3893553,0.008879723,1.01458,90.83361,0,2
-0.4023975,0.00853193,1.027687,89.60455,0,2
-0.4197176,0.010247,1.037725,88.78764,0,2
-0.432509,0.01049418,1.046911,87.84009,0,2
-0.4484504,0.01267575,1.053053,85.94781,0,2
-0.4607453,0.01334624,1.058461,85.26418,0,2
-0.4751032,0.01586934,1.060841,82.61605,0,2
-0.4866669,0.01680807,1.06249,82.1171,0,2
-0.4992593,0.01955621,1.061098,79.14319,0,2
-0.5098356,0.02064581,1.058885,78.75514,0,2
-0.5204682,0.02351567,1.053597,75.88256,0,2
-0.5297832,0.02469142,1.047336,75.49118,0,2
-0.5378473,0.02744976,1.038089,71.61544,0,3
-0.5454873,0.02867864,1.027716,70.4477,0,3
-0.5507588,0.03119411,1.0145,66.38396,0,3
-0.5565473,0.03252811,1.000071,65.28061,0,3
-0.5591674,0.03490994,0.9827613,63.66191,0,3
-0.5631817,0.03643603,0.9642115,63.19617,0,3
-0.5633591,0.03884891,0.9427202,65.21527,0,3
-0.5658151,0.04066081,0.9200924,65.1989,0,3
-0.5637076,0.04328182,0.8946978,70.21301,0,3
-0.5648147,0.04551187,0.8684087,70.13365,0,3
-0.5605246,0.0485047,0.8398017,76.63737,0,3
-0.5604257,0.05128388,0.8106008,76.147,0,3
-0.5541486,0.05473254,0.7797075,83.40508,0,3
-0.5529784,0.05811536,0.7485137,82.44408,0,3
-0.5451084,0.06178813,0.7163267,104.1197,0,3
-0.5431067,0.06566674,0.6843135,102.5666,0,3
-0.5341129,0.06959085,0.6520008,109.2225,0,3
-0.5315098,0.07376888,0.6201948,106.5531,0,3
-0.5219539,0.0777476,0.5886116,110.2272,0,3
-0.5190032,0.08185902,0.5577564,127.1344,0,3
-0.5097031,0.08513009,0.5277684,160.3145,0,3
-0.5067947,0.08844402,0.4990589,152.9151,0,3
-0.4979623,0.09012854,0.4718807,152.7473,0,3
-0.4947768,0.09181844,0.4470635,146.9227,0,3
-0.4853919,0.09134549,0.4248761,147.5473,0,3
-0.481399,0.09135903,0.4060505,143.5498,0,3
-0.4709055,0.08881559,0.390168,144.5794,0,3
-0.4658346,0.08744375,0.3776584,141.5916,0,3
-0.4533668,0.08316233,0.3668387,141.6762,0,3
-0.446851,0.08059131,0.3589179,139.0181,0,3
-0.431905,0.07464491,0.3514745,137.749,0,3
-0.4235714,0.07099308,0.3465998,135.4801,0,3
-0.406791,0.06396487,0.3414374,131.5336,0,3
-0.3967781,0.05940259,0.3386074,172.5952,0,3
-0.3784051,0.051581,0.3350461,163.3848,0,3
-0.3669735,0.0461815,0.3336908,160.8157,0,3
-0.3470028,0.03779408,0.3313906,148.0508,0,3
-0.3344168,0.03173687,0.3312773,145.6054,0,3
-0.3125917,0.0232219,0.3299648,129.8592,0,3
-0.2990344,0.01682547,0.3308601,127.3098,1.645427,3
-0.2758261,0.01034486,0.3307376,111.2649,39.33632,3
-0.2281183,0.004512138,0.3442391,110.6841,514.1273,3
-0.1985358,-0.0002000184,0.3715768,92.42506,559.9835,3
-0.1975319,-0.00656288,0.392974,87.0214,201.1808,0
-0.1911426,-0.01044469,0.4084093,65.80212,168.4917,0
-0.1844469,-0.01443926,0.4240027,56.26696,165.1568,0
-0.1902193,-0.01818654,0.4421766,45.40089,109.2362,0
-0.2111559,-0.02248727,0.4605651,37.59477,101.1623,0
-0.2357317,-0.02622548,0.4767018,38.82083,93.87405,0
-0.2543062,-0.02935204,0.4891747,23.58459,81.52489,0
-0.2711729,-0.03163959,0.4999413,22.76886,78.82069,0
-0.2865264,-0.03366233,0.5091244,16.6715,80.2818,0
-0.3026041,-0.03515872,0.5179083,22.15533,82.51464,0
-0.3168061,-0.03641003,0.524749,15.23545,78.37739,0
-0.3313428,-0.03717854,0.5312966,26.38837,82.22471,0
-0.3441724,-0.03770954,0.5358816,18.85065,79.90107,0
-0.3574676,-0.03778641,0.5408974,24.35204,87.49334,0
-0.3692514,-0.03747642,0.5437577,13.24634,83.1433,0
-0.3815072,-0.03675011,0.5471539,12.68066,91.0239,0
-0.3922832,-0.03556801,0.5481434,6.013296,85.65469,0
-0.4032162,-0.03408987,0.5497974,5.671001,94.1462,1
-0.4132177,-0.03207428,0.548987,5.300056,87.48481,1
-0.4233161,-0.02980177,0.5490499,5.112527,95.72707,1
-0.4322872,-0.02689679,0.5465912,1.971911,88.49989,1
-0.4414296,-0.02375909,0.5452419,1.702255,96.10435,1
-0.4495559,-0.0199127,0.5413441,0.3466257,88.46006,1
-0.4577987,-0.01587442,0.5387122,0.3521926,95.59527,1
-0.4651748,-0.01114189,0.5335651,0.05565552,87.7799,1
-0.4724982,-0.006339457,0.529761,0.2551459,94.43916,1
-0.4791721,-0.0009351667,0.5235419,0.2000274,86.85059,1
-0.4856222,0.004406583,0.51871,0.6283406,93.03289,1
-0.4916458,0.01026365,0.511602,0.5318545,85.77086,1
-0.4972909,0.01595707,0.5058647,0.5899568,91.30341,1
-0.5026876,0.02211721,0.4980268,0.1342692,84.55328,1
-0.5082292,0.02808998,0.4915302,0,88.74666,1
-0.512725,0.03449715,0.4829842,0,83.51476,1
-0.5171105,0.04065726,0.4758689,0,87.30753,1
-0.5215465,0.04730598,0.466991,0,81.69014,1
-0.525413,0.05366128,0.4591672,0,85.18472,1
-0.529379,0.06039926,0.4498843,0,80.89539,1
-0.5331417,0.06678801,0.4414417,0,96.50113,1
-0.5366616,0.07348123,0.431642,0,92.48314,1
-0.5392648,0.07975517,0.4227943,0,94.8075,1
-0.5425763,0.08635763,0.4129254,0,90.68069,1
-0.5449722,0.09253633,0.4035986,0,91.42599,1
-0.5479659,0.09892277,0.3934484,0,87.75598,1
-0.5500584,0.1048802,0.383791,0,88.43614,1
-0.5528677,0.1109568,0.3736268,0,85.49934,1
-0.5548159,0.1165498,0.3639777,0,86.64448,1
-0.5575441,0.1221592,0.3541054,0,84.18095,1
-0.5594258,0.1271839,0.3447828,0,86.18774,1
-0.562172,0.1321042,0.3355118,0,84.08341,1
-0.5639593,0.1362299,0.3268536,0,87.28826,1
-0.566629,0.1399727,0.3185578,0,85.53156,1
-0.5681503,0.1426152,0.3109578,0,89.4202,1
-0.5705745,0.1446695,0.3039347,0,87.44791,1
-0.5711805,0.1456271,0.2975829,0,80.24542,1
-0.5729434,0.1461172,0.2920446,0,91.76962,1
-0.5729498,0.1459063,0.2873375,0,94.95034,1
-0.5734943,0.1455737,0.2834477,0,93.19157,1
-0.5724304,0.1449393,0.2806292,0,95.58968,1
-0.5718846,0.1445094,0.2786345,0,93.94575,1
-0.5687914,0.143878,0.2773927,0,120.8396,1
-0.5677637,0.1437165,0.2773211,0,110.5627,1
-0.5648381,0.143338,0.2783337,0,109.3386,1
-0.562781,0.1430789,0.2802295,0,104.9906,1
-0.56025,0.1426108,0.2833604,0,102.5841,1
-0.558552,0.1420394,0.2873098,0,99.5316,1
-0.555688,0.1410447,0.2922681,0,98.80524,1
-0.5533387,0.1397589,0.2982566,0,97.67643,1
-0.5498326,0.1379906,0.3051836,0,98.81853,1
-0.5465354,0.1359595,0.3132573,0,98.36433,1
-0.5416712,0.1334942,0.3220942,0,99.78748,1
-0.5367053,0.1307588,0.3319647,0,98.86451,1
